alpha,arousal1,betha,theta,gamma,valence1,'Stimuli (Audio)',Response
2.91,0.343,4.28,4.6,3.03,0.026,Agressive,Happy
3.09,0.324,3.4,4.54,1.62,0.00861,Agressive,Happy
3.38,0.296,2.96,4.39,1.65,-0.00734,Agressive,Happy
3.5,0.286,3.12,4.31,1.64,-0.0227,Agressive,Happy
3.42,0.293,3.17,4.63,1.71,-0.0315,Agressive,Happy
3.48,0.287,3.09,4.82,1.69,-0.0353,Agressive,Happy
3.52,0.284,3.03,4.77,1.68,-0.0424,Agressive,Happy
3.48,0.288,3.03,4.72,1.71,-0.0523,Agressive,Happy
3.43,0.291,3.07,4.69,1.74,-0.0547,Agressive,Happy
3.45,0.29,3.07,4.63,1.75,-0.0528,Agressive,Happy
3.45,0.29,3.17,4.65,1.74,-0.0534,Agressive,Happy
3.4,0.295,3.17,4.77,1.72,-0.0556,Agressive,Happy
3.22,0.31,3.13,4.87,1.77,-0.063,Agressive,Happy
2.75,0.364,3.07,4.93,1.69,-0.0804,Agressive,Happy
2.61,0.383,3.1,4.84,1.75,-0.0634,Agressive,Happy
2.71,0.369,3.24,4.5,1.89,-0.0398,Agressive,Happy
2.74,0.366,3.32,4.24,2.02,-0.00465,Agressive,Happy
2.78,0.36,3.44,4.3,2.02,0.0204,Agressive,Happy
2.88,0.348,3.48,4.37,1.99,0.0205,Agressive,Happy
2.95,0.339,3.54,4.34,2.26,0.0109,Agressive,Happy
3.06,0.327,3.49,4.35,2.32,0.00451,Agressive,Happy
3.16,0.316,3.5,4.36,2.37,0.000844,Agressive,Happy
3.4,0.294,3.53,4.22,2.41,-0.0108,Agressive,Happy
3.56,0.281,3.47,4.01,2.94,-0.0161,Agressive,Happy
3.55,0.281,3.7,3.86,3.5,-0.0182,Agressive,Happy
3.61,0.277,3.89,3.86,4.43,-0.0208,Agressive,Happy
3.64,0.275,3.93,4.13,4.42,-0.0211,Agressive,Happy
3.73,0.268,3.88,4.66,4.44,-0.0185,Agressive,Happy
3.76,0.266,3.89,4.83,4.46,-0.0162,Agressive,Happy
3.83,0.261,3.93,4.83,4.47,-0.0139,Agressive,Happy
3.85,0.26,3.9,4.85,4.45,-0.0124,Agressive,Happy
3.84,0.26,3.92,4.82,4.48,-0.0127,Agressive,Happy
3.76,0.266,3.91,4.79,4.49,-0.00979,Agressive,Happy
3.58,0.279,3.96,4.81,4.48,-0.00139,Agressive,Happy
3.58,0.279,3.88,4.84,4.37,0.00321,Agressive,Happy
3.52,0.284,3.78,4.82,3.76,0.00798,Agressive,Happy
3.4,0.294,3.43,4.76,2.88,0.00931,Agressive,Happy
3.34,0.3,3.42,4.46,2.85,0.00079,Agressive,Happy
3.02,0.331,3.28,3.87,2.79,-0.00524,Agressive,Happy
2.83,0.354,3.21,3.59,2.72,-0.0109,Agressive,Happy
2.71,0.37,3.19,3.46,2.7,-0.0233,Agressive,Happy
2.58,0.388,3.17,3.36,2.74,-0.0284,Agressive,Happy
2.7,0.371,3.06,3.61,2.57,-0.0323,Agressive,Happy
2.98,0.336,3.06,3.98,2.39,-0.0424,Agressive,Happy
3.15,0.317,2.83,4.08,2.35,-0.0531,Agressive,Happy
3.13,0.319,2.61,4.04,2.33,-0.0683,Agressive,Happy
3.15,0.317,2.68,4.04,2.4,-0.074,Agressive,Happy
3.19,0.313,2.75,4.04,2.28,-0.0752,Agressive,Happy
3.19,0.314,2.81,3.98,2.25,-0.0718,Agressive,Happy
3.21,0.312,2.85,3.99,2.2,-0.0659,Agressive,Happy
3.19,0.314,2.91,4.01,2.26,-0.0643,Agressive,Happy
3.13,0.319,2.92,4.02,2.18,-0.0617,Agressive,Happy
3.11,0.322,2.87,4.02,2.2,-0.0556,Agressive,Happy
2.94,0.34,2.88,3.88,2.16,-0.0604,Agressive,Happy
2.69,0.372,2.96,3.57,2.31,-0.0603,Agressive,Happy
2.79,0.359,3.03,3.44,2.46,-0.0594,Agressive,Happy
2.92,0.343,3.06,3.43,2.44,-0.0677,Agressive,Happy
2.96,0.338,3.06,3.4,2.34,-0.0644,Agressive,Happy
2.95,0.339,3.22,3.37,2.46,-0.0521,Agressive,Happy
3.16,0.316,3.33,3.32,2.5,-0.0438,Agressive,Happy
3.33,0.3,3.3,3.33,2.49,-0.0472,Agressive,Happy
3.37,0.297,3.22,3.44,2.47,-0.0466,Agressive,Happy
3.39,0.295,3.26,3.46,2.51,-0.0431,Agressive,Happy
3.43,0.292,3.25,3.48,2.42,-0.0383,Agressive,Happy
3.49,0.286,3.18,3.32,2.39,-0.0313,Agressive,Happy
3.46,0.289,3.12,3.05,2.27,-0.0285,Agressive,Happy
3.35,0.299,3.2,3.03,2.2,-0.0203,Agressive,Happy
3.25,0.308,3.22,3.3,2.18,-0.0121,Agressive,Happy
3.46,0.289,3,3.55,2.17,-0.0122,Agressive,Happy
3.59,0.279,2.72,3.51,2.09,-0.0102,Agressive,Happy
3.48,0.288,2.74,3.53,2.09,-0.00187,Agressive,Happy
3.4,0.294,2.74,3.7,2.07,0.00618,Agressive,Happy
3.41,0.293,2.75,3.93,2.04,0.00413,Agressive,Happy
3.36,0.298,2.69,4.08,2.04,-0.0019,Agressive,Happy
3.29,0.304,2.85,4.09,2.2,-0.00601,Agressive,Happy
3.35,0.299,2.89,4.09,2.22,-0.00454,Agressive,Happy
3.42,0.292,2.86,4.09,2.14,-0.00665,Agressive,Happy
3.5,0.286,2.69,4.12,2.21,-0.0116,Agressive,Happy
3.52,0.284,2.71,3.98,2.16,-0.0151,Agressive,Happy
3.38,0.296,2.72,3.98,2.14,-0.0229,Agressive,Happy
3.13,0.32,2.9,4.04,2.13,-0.0333,Agressive,Happy
3.13,0.319,2.95,4.01,2.22,-0.0394,Agressive,Happy
3.26,0.307,2.98,3.78,2.17,-0.0344,Agressive,Happy
3.29,0.304,3.05,3.47,2.34,-0.0346,Agressive,Happy
3.31,0.302,3.03,3.47,2.28,-0.0348,Agressive,Happy
3.27,0.306,2.99,3.73,2.26,-0.0388,Agressive,Happy
3.15,0.318,3.02,3.97,2.29,-0.0441,Agressive,Happy
3.07,0.325,3.16,4.13,2.33,-0.0402,Agressive,Happy
2.98,0.336,3.3,4.29,2.32,-0.0412,Agressive,Happy
2.78,0.36,3.33,4.3,2.32,-0.0261,Agressive,Happy
2.73,0.367,3.32,4.22,2.3,-0.0164,Agressive,Happy
2.71,0.369,3.29,4.25,2.34,-0.0189,Agressive,Happy
2.61,0.383,3.28,4.34,2.41,-0.0287,Agressive,Happy
2.51,0.398,3.24,4.41,2.42,-0.0485,Agressive,Happy
2.52,0.397,3.24,4.44,2.41,-0.0474,Agressive,Happy
2.5,0.4,3.2,4.4,2.38,-0.0414,Agressive,Happy
2.45,0.408,3.22,4.29,2.38,-0.0544,Agressive,Happy
2.4,0.416,3.31,4.15,2.32,-0.08,Agressive,Happy
2.41,0.414,3.25,3.97,2.38,-0.0737,Agressive,Happy
2.45,0.408,3.22,3.75,2.41,-0.0377,Agressive,Happy
2.68,0.373,3.29,3.72,2.46,-0.0189,Agressive,Happy
2.74,0.365,3.29,3.74,2.52,-0.0216,Agressive,Happy
2.72,0.368,3.27,3.74,2.46,-0.0192,Agressive,Happy
2.62,0.382,3.28,3.67,2.46,-0.00183,Agressive,Happy
2.53,0.396,3.2,3.76,2.35,0.0244,Agressive,Happy
2.55,0.392,3.21,4.1,2.4,0.0274,Agressive,Happy
2.31,0.432,3.25,4.02,2.27,-0.0285,Agressive,Calm
2.5,0.401,3.17,4.18,2.29,-0.0227,Agressive,Calm
2.47,0.405,3.24,4.44,2.32,-0.0153,Agressive,Calm
2.56,0.391,3.32,4.52,2.34,-0.00047,Agressive,Calm
2.74,0.365,3.31,4.53,2.33,0.0167,Agressive,Calm
2.82,0.355,3.32,4.49,2.39,0.0197,Agressive,Calm
2.82,0.355,3.11,4.53,2.17,0.0162,Agressive,Calm
2.9,0.345,3.09,4.67,2.01,0.00741,Agressive,Calm
3.04,0.329,3.19,4.74,2.17,0.000172,Agressive,Calm
3.12,0.321,3.15,4.81,2.21,-0.00929,Agressive,Calm
3.1,0.322,3.24,4.89,2.31,-0.0198,Agressive,Calm
3.01,0.332,3.29,4.91,2.28,-0.0231,Agressive,Calm
2.9,0.345,3.37,4.9,2.24,-0.0243,Agressive,Calm
2.77,0.361,3.33,4.84,2.34,-0.0355,Agressive,Calm
2.63,0.381,3.38,4.74,2.98,-0.0696,Agressive,Calm
2.58,0.388,3.44,4.69,2.99,-0.104,Agressive,Calm
2.68,0.374,3.45,4.67,2.97,-0.11,Agressive,Calm
2.94,0.34,3.48,4.52,2.98,-0.0871,Agressive,Calm
3.09,0.323,3.48,4.42,3,-0.0812,Agressive,Calm
3.06,0.327,3.43,4.39,2.92,-0.0878,Agressive,Calm
3.07,0.326,3.4,4.43,2.93,-0.0779,Agressive,Calm
3.11,0.321,3.29,4.51,2.93,-0.062,Agressive,Calm
3.17,0.315,3.29,4.51,2.93,-0.0546,Agressive,Calm
3.24,0.309,3.32,4.58,2.94,-0.0542,Agressive,Calm
3.3,0.303,3.24,4.74,2.62,-0.0524,Agressive,Calm
3.27,0.305,3.13,4.85,2.04,-0.0527,Agressive,Calm
3.22,0.311,3.08,4.89,1.91,-0.0551,Agressive,Calm
3.13,0.319,3.04,4.91,2.02,-0.0549,Agressive,Calm
2.89,0.346,2.96,4.99,1.95,-0.0585,Agressive,Calm
2.63,0.38,2.9,5.1,2,-0.0557,Agressive,Calm
2.58,0.387,2.93,5.14,1.96,-0.0559,Agressive,Calm
2.49,0.402,3.09,5.07,1.97,-0.0638,Agressive,Calm
2.42,0.413,2.99,4.95,1.91,-0.0456,Agressive,Calm
2.32,0.43,2.87,4.79,1.86,-0.0392,Agressive,Calm
2.1,0.477,2.68,4.6,1.83,-0.0133,Agressive,Calm
2,0.5,2.76,4.43,1.88,0.00179,Agressive,Calm
2.13,0.47,2.78,4.36,1.91,-0.0188,Agressive,Calm
2.4,0.417,2.74,4.35,1.91,-0.0282,Agressive,Calm
2.61,0.383,2.58,4.32,1.83,-0.0268,Agressive,Calm
2.74,0.365,2.62,4.22,1.82,-0.0344,Agressive,Calm
2.81,0.356,2.63,4.04,1.74,-0.0409,Agressive,Calm
2.78,0.36,2.61,4.06,1.81,-0.0446,Agressive,Calm
2.79,0.358,2.63,4.11,1.78,-0.0382,Agressive,Calm
2.9,0.345,2.8,4.09,1.73,-0.023,Agressive,Calm
3.04,0.329,2.88,4.11,1.98,-0.0118,Agressive,Calm
3.11,0.322,2.94,4.05,2.09,-0.0128,Agressive,Calm
3.15,0.317,3.03,4.02,2.14,-0.0123,Agressive,Calm
3.11,0.322,3.05,4,2.3,-0.00939,Agressive,Calm
3.07,0.325,3.02,4.07,2.33,-0.000199,Agressive,Calm
3.1,0.323,3.04,4.16,2.37,0.00784,Agressive,Calm
3.07,0.326,3.09,4.15,2.54,0.0182,Agressive,Calm
3.02,0.331,3.15,4.06,2.54,0.0319,Agressive,Calm
3,0.333,3.14,3.94,2.56,0.0366,Agressive,Calm
2.95,0.338,3.07,4.15,2.54,0.0353,Agressive,Calm
2.81,0.355,3.05,4.48,2.64,0.0295,Agressive,Calm
2.84,0.352,3.04,4.58,2.63,0.0246,Agressive,Calm
2.87,0.349,3.03,4.6,2.65,0.0148,Agressive,Calm
2.98,0.336,2.84,4.65,2.59,0.0128,Agressive,Calm
2.97,0.337,2.94,4.65,2.53,0.0149,Agressive,Calm
2.82,0.355,3.02,4.57,2.51,0.0164,Agressive,Calm
2.72,0.368,3.03,4.49,2.44,0.0177,Agressive,Calm
2.86,0.35,3,4.48,2.35,0.00308,Agressive,Calm
3.06,0.326,2.92,4.51,2.24,-0.0188,Agressive,Calm
3.12,0.32,2.96,4.47,2.23,-0.0313,Agressive,Calm
3.11,0.322,3.1,4.27,2.22,-0.0374,Agressive,Calm
3.19,0.314,3.43,3.86,2,-0.0309,Agressive,Calm
3.28,0.305,3.47,3.78,1.92,-0.0277,Agressive,Calm
3.36,0.298,3.54,3.72,2.1,-0.029,Agressive,Calm
3.46,0.289,3.54,3.6,2.06,-0.038,Agressive,Calm
3.46,0.289,3.51,3.61,1.99,-0.043,Agressive,Calm
3.54,0.283,3.47,3.61,1.96,-0.0464,Agressive,Calm
3.54,0.283,3.52,3.83,2.17,-0.0521,Agressive,Calm
3.42,0.292,3.52,4.06,2.16,-0.0525,Agressive,Calm
3.38,0.296,3.53,4.05,2.23,-0.0466,Agressive,Calm
3.44,0.291,3.55,4.11,2.19,-0.0346,Agressive,Calm
3.49,0.286,3.37,4.19,2.2,-0.026,Agressive,Calm
3.5,0.286,3.17,4.16,2.2,-0.0253,Agressive,Calm
3.38,0.296,3.1,4.05,1.96,-0.0263,Agressive,Calm
3.29,0.304,2.99,4.1,1.92,-0.026,Agressive,Calm
3.35,0.299,2.95,4.21,1.94,-0.0272,Agressive,Calm
3.47,0.288,2.93,4.32,1.94,-0.0317,Agressive,Calm
3.53,0.284,2.92,4.32,1.9,-0.0316,Agressive,Calm
3.58,0.279,2.85,4.17,1.66,-0.0322,Agressive,Calm
3.6,0.278,2.81,4.03,1.61,-0.0322,Agressive,Calm
3.53,0.283,2.71,4,1.73,-0.0336,Agressive,Calm
3.47,0.288,2.82,3.95,1.84,-0.036,Agressive,Calm
3.38,0.296,2.6,3.87,1.84,-0.0412,Agressive,Calm
3.26,0.307,2.63,3.84,1.88,-0.0511,Agressive,Calm
3.16,0.316,2.66,3.85,1.88,-0.05,Agressive,Calm
3.01,0.332,2.84,3.83,1.93,-0.0369,Agressive,Calm
2.82,0.354,3.01,3.6,1.97,-0.0225,Agressive,Calm
2.5,0.4,3.09,3.49,2.03,-0.00431,Agressive,Calm
1.96,0.51,3.1,3.53,2.19,0.0763,Agressive,Calm
1.73,0.579,3.07,3.5,2.23,0.143,Agressive,Calm
2,0.5,3.09,3.53,2.34,0.0758,Agressive,Calm
2.33,0.429,2.92,3.89,2.19,0.0413,Agressive,Calm
2.73,0.366,2.9,4.22,2.19,0.00815,Agressive,Calm
3.1,0.323,3.01,4.29,2.25,-0.00511,Agressive,Calm
3.26,0.307,2.96,4.26,2.2,-0.00281,Agressive,Calm
3.27,0.306,3.08,4.28,2.13,-0.00262,Agressive,Calm
3.26,0.307,2.99,4.31,2.11,-0.00384,Agressive,Calm
3.31,0.302,2.9,4.33,2.03,-0.00868,Agressive,Calm
3.53,0.283,2.92,4.35,2.06,-0.0111,Agressive,Calm
3.6,0.278,3,4.36,1.93,-0.00944,Agressive,Calm
3.66,0.274,3.16,4.37,1.9,-0.00874,Agressive,Calm
3.85,0.26,3.24,4.36,1.73,-0.00884,Agressive,Calm
2.45,0.408,3.27,3.07,1.72,-0.0999,Agressive,Agressive
2.41,0.415,3.13,3.22,1.81,-0.0951,Agressive,Agressive
2.44,0.41,3.3,3.78,1.83,-0.0921,Agressive,Agressive
2.95,0.339,3.26,3.96,1.77,-0.0665,Agressive,Agressive
3.35,0.299,3.28,4.09,1.58,-0.0416,Agressive,Agressive
3.39,0.295,3.14,4.22,1.44,-0.0353,Agressive,Agressive
3.7,0.271,3.15,4.23,1.45,-0.0291,Agressive,Agressive
3.83,0.261,3.22,4.24,1.42,-0.0262,Agressive,Agressive
3.94,0.254,3.05,4.23,1.47,-0.0228,Agressive,Agressive
4.03,0.248,3.12,4.16,1.53,-0.0207,Agressive,Agressive
4.08,0.245,3.11,4.14,1.64,-0.0211,Agressive,Agressive
4.12,0.243,3.04,4.21,1.64,-0.0221,Agressive,Agressive
4.14,0.242,2.88,4.1,1.61,-0.0227,Agressive,Agressive
4.09,0.244,2.76,3.87,1.56,-0.0219,Agressive,Agressive
3.94,0.254,2.87,3.85,1.58,-0.0204,Agressive,Agressive
3.88,0.258,2.86,3.73,1.64,-0.0185,Agressive,Agressive
3.77,0.265,2.89,3.67,1.69,-0.0177,Agressive,Agressive
3.66,0.273,2.84,3.74,1.74,-0.0158,Agressive,Agressive
3.63,0.275,2.9,3.66,1.84,-0.017,Agressive,Agressive
3.65,0.274,2.89,3.85,1.85,-0.0225,Agressive,Agressive
3.53,0.283,2.84,3.91,1.84,-0.0256,Agressive,Agressive
3.45,0.289,2.95,3.88,1.9,-0.0274,Agressive,Agressive
3.5,0.286,3.06,3.97,1.92,-0.0316,Agressive,Agressive
3.62,0.276,3.13,3.95,1.86,-0.0339,Agressive,Agressive
3.65,0.274,3.13,3.9,1.89,-0.0373,Agressive,Agressive
3.59,0.278,3.16,4.09,1.97,-0.0419,Agressive,Agressive
3.51,0.285,3.1,4.21,2.04,-0.0419,Agressive,Agressive
3.47,0.288,3.06,4.11,2.1,-0.0431,Agressive,Agressive
3.28,0.305,3.05,4.1,2.17,-0.0561,Agressive,Agressive
2.92,0.342,2.99,4.07,2.12,-0.0753,Agressive,Agressive
2.83,0.353,2.96,3.99,2.13,-0.0714,Agressive,Agressive
2.82,0.354,2.97,4.03,2.16,-0.0713,Agressive,Agressive
2.72,0.368,2.93,4.07,2.16,-0.0652,Agressive,Agressive
2.52,0.397,2.94,4.27,2.12,-0.0349,Agressive,Agressive
2.44,0.411,2.78,4.58,2.18,-0.000243,Agressive,Agressive
2.51,0.398,2.68,4.68,2.1,0.0309,Agressive,Agressive
2.59,0.385,2.54,4.61,1.99,0.0193,Agressive,Agressive
2.59,0.386,2.77,4.55,2.07,0.00876,Agressive,Agressive
2.57,0.389,2.95,4.55,2.16,0.012,Agressive,Agressive
2.58,0.388,2.92,4.55,2.33,0.00859,Agressive,Agressive
2.58,0.387,2.94,4.56,2.49,0.00548,Agressive,Agressive
2.56,0.391,3.05,4.6,2.47,-0.000853,Agressive,Agressive
2.53,0.396,3,4.65,2.4,-0.00336,Agressive,Agressive
2.5,0.401,2.96,4.62,2.5,-0.00992,Agressive,Agressive
2.39,0.419,3,4.45,2.48,-0.0397,Agressive,Agressive
2.2,0.455,3.02,4.12,2.59,-0.0745,Agressive,Agressive
2.16,0.464,3.02,3.81,2.66,-0.0746,Agressive,Agressive
2.26,0.442,2.99,3.74,2.73,-0.0413,Agressive,Agressive
2.34,0.428,2.8,3.8,2.64,-0.0317,Agressive,Agressive
2.37,0.422,2.9,3.8,2.61,-0.0389,Agressive,Agressive
2.4,0.416,2.95,3.77,2.38,-0.0377,Agressive,Agressive
2.49,0.401,2.96,3.71,2.37,-0.037,Agressive,Agressive
2.55,0.393,2.98,3.59,2.4,-0.0373,Agressive,Agressive
2.55,0.392,3.01,3.42,2.5,-0.0442,Agressive,Agressive
2.51,0.398,2.9,3.31,2.4,-0.0552,Agressive,Agressive
2.56,0.391,3.21,3.26,2.44,-0.0528,Agressive,Agressive
2.53,0.396,3.38,3.3,2.32,-0.0609,Agressive,Agressive
2.41,0.415,3.41,3.48,2.55,-0.0886,Agressive,Agressive
2.4,0.416,3.48,3.71,2.77,-0.11,Agressive,Agressive
2.46,0.407,3.44,4,2.79,-0.109,Agressive,Agressive
2.51,0.398,3.34,4.29,2.81,-0.107,Agressive,Agressive
2.49,0.401,3.4,4.44,2.9,-0.114,Agressive,Agressive
2.54,0.393,3.44,4.42,2.9,-0.0998,Agressive,Agressive
2.7,0.371,3.4,4.41,2.92,-0.0619,Agressive,Agressive
2.79,0.359,3.41,4.42,2.92,-0.0413,Agressive,Agressive
2.72,0.368,3.43,4.42,2.89,-0.034,Agressive,Agressive
2.7,0.37,3.09,4.45,2.93,-0.0127,Agressive,Agressive
2.78,0.36,3,4.48,2.9,-0.000453,Agressive,Agressive
2.74,0.365,2.97,4.41,2.72,0.0125,Agressive,Agressive
2.64,0.378,2.92,4.26,2.48,0.0245,Agressive,Agressive
2.6,0.385,3.07,4.07,2.59,0.0227,Agressive,Agressive
2.66,0.376,3.13,3.93,2.56,0.0104,Agressive,Agressive
2.89,0.346,3.03,4.19,2.52,-0.000888,Agressive,Agressive
2.9,0.345,2.96,4.41,2.59,-0.00764,Agressive,Agressive
2.83,0.353,2.96,4.4,2.6,-0.0207,Agressive,Agressive
3,0.333,3.01,4.41,2.76,-0.0146,Agressive,Agressive
3.01,0.332,3.08,4.44,2.8,-0.0139,Agressive,Agressive
2.97,0.337,3.16,4.47,2.79,-0.0206,Agressive,Agressive
3.01,0.332,3.25,4.45,2.81,-0.0249,Agressive,Agressive
3.12,0.321,3.28,4.41,2.86,-0.0357,Agressive,Agressive
3.17,0.315,3.23,4.38,2.84,-0.0411,Agressive,Agressive
3.2,0.312,3.11,4.41,2.73,-0.0379,Agressive,Agressive
3.1,0.323,3.11,4.35,2.67,-0.032,Agressive,Agressive
3.01,0.332,3.37,4.07,2.71,-0.0208,Agressive,Agressive
3.11,0.322,3.34,4.02,2.75,-0.015,Agressive,Agressive
3.1,0.323,3.31,4.13,2.61,-0.0218,Agressive,Agressive
3.02,0.331,3.36,4.11,2.55,-0.0325,Agressive,Agressive
3,0.333,3.38,4.08,2.53,-0.0377,Agressive,Agressive
2.97,0.337,3.3,4.04,2.56,-0.0424,Agressive,Agressive
2.85,0.351,3.31,4.01,2.56,-0.0437,Agressive,Agressive
2.7,0.37,3.36,4.04,2.48,-0.0344,Agressive,Agressive
2.6,0.384,3.34,4.06,2.51,-0.0206,Agressive,Agressive
2.58,0.388,3.36,3.98,2.65,-0.0244,Agressive,Agressive
2.73,0.366,3.4,3.93,2.77,-0.0493,Agressive,Agressive
2.82,0.355,3.22,4.02,2.57,-0.0563,Agressive,Agressive
2.73,0.367,3.32,3.92,2.72,-0.0694,Agressive,Agressive
2.79,0.358,3.38,3.83,2.81,-0.0635,Agressive,Agressive
2.99,0.334,3.3,3.83,2.81,-0.0451,Agressive,Agressive
3.13,0.319,3.36,3.78,2.89,-0.0308,Agressive,Agressive
3.22,0.31,3.46,3.75,2.99,-0.0261,Agressive,Agressive
3.28,0.305,3.64,3.77,3,-0.0298,Agressive,Agressive
3.28,0.305,3.63,3.79,3.02,-0.0314,Agressive,Agressive
3.32,0.301,3.7,3.76,3.04,-0.0311,Agressive,Agressive
3.29,0.304,3.66,3.76,3.03,-0.0266,Agressive,Agressive
3.12,0.321,3.63,3.5,3.07,-0.0251,Agressive,Agressive
3.06,0.327,3.66,3.11,3.14,-0.0259,Agressive,Agressive
2.94,0.34,3.63,3.01,3.06,-0.0232,Agressive,Agressive
2.13,0.47,2.94,4.48,2.77,-0.0676,Calm,Sad
2.09,0.478,3.04,4.51,2.75,-0.085,Calm,Sad
2.39,0.419,3.16,4.5,2.76,-0.0774,Calm,Sad
2.81,0.356,3.21,4.36,2.73,-0.0535,Calm,Sad
3.16,0.317,3.29,4.23,2.69,-0.0392,Calm,Sad
3.32,0.301,3.38,4.33,2.53,-0.0334,Calm,Sad
3.35,0.299,3.39,4.47,2.39,-0.0334,Calm,Sad
3.39,0.295,3.37,4.5,2.32,-0.0352,Calm,Sad
3.4,0.294,3.32,4.49,2.32,-0.0354,Calm,Sad
3.42,0.293,3.23,4.52,2.03,-0.0364,Calm,Sad
3.41,0.294,3.06,4.59,1.94,-0.0448,Calm,Sad
3.43,0.292,2.96,4.63,1.8,-0.0505,Calm,Sad
3.44,0.291,2.78,4.66,1.84,-0.0476,Calm,Sad
3.34,0.3,2.8,4.66,1.93,-0.0408,Calm,Sad
3.14,0.318,2.88,4.64,1.99,-0.0356,Calm,Sad
3.04,0.329,2.97,4.57,2.02,-0.0275,Calm,Sad
3.23,0.309,2.74,4.36,2.06,-0.022,Calm,Sad
3.32,0.301,2.88,4.26,2.08,-0.016,Calm,Sad
3.34,0.299,2.96,4.34,2.05,-0.0115,Calm,Sad
3.35,0.298,3.1,4.45,2.07,-0.00763,Calm,Sad
3.38,0.296,3.18,4.48,2.04,-0.00558,Calm,Sad
3.4,0.294,3.23,4.46,1.96,-0.000601,Calm,Sad
3.46,0.289,3.33,4.4,1.92,0.00595,Calm,Sad
3.49,0.287,3.35,4.32,1.91,0.007,Calm,Sad
3.49,0.286,3.36,4.29,1.91,0.00221,Calm,Sad
3.42,0.292,3.28,4.25,1.94,-0.00594,Calm,Sad
3.16,0.316,3.26,4.18,1.95,-0.0123,Calm,Sad
2.95,0.339,3.25,4.09,2.02,-0.0119,Calm,Sad
2.87,0.349,3.22,3.95,2.11,-0.0138,Calm,Sad
2.82,0.354,3.27,3.86,2.16,-0.0188,Calm,Sad
2.79,0.358,3.33,3.73,2.25,-0.0113,Calm,Sad
2.93,0.341,3.38,3.58,2.28,0.0128,Calm,Sad
2.94,0.34,3.41,3.56,2.32,0.0177,Calm,Sad
2.81,0.356,3.31,3.62,2.29,0.0104,Calm,Sad
2.75,0.364,3.27,3.64,2.31,0.0109,Calm,Sad
2.72,0.368,3.09,3.75,2.23,0.0324,Calm,Sad
2.72,0.368,3.06,3.83,2.18,0.0477,Calm,Sad
2.74,0.366,3.17,3.85,2.35,0.0528,Calm,Sad
2.79,0.359,3.3,3.87,2.21,0.0503,Calm,Sad
2.93,0.341,3.27,3.88,2.23,0.0368,Calm,Sad
3.01,0.333,3.12,3.81,2.2,0.0285,Calm,Sad
2.93,0.341,2.95,3.83,2.1,0.0136,Calm,Sad
2.8,0.357,2.8,3.96,2.11,-0.0109,Calm,Sad
2.8,0.358,2.87,3.95,2.05,-0.0225,Calm,Sad
2.78,0.36,2.93,3.94,1.98,-0.0274,Calm,Sad
2.81,0.356,3.02,4,1.99,-0.0333,Calm,Sad
2.8,0.357,3.05,4.03,2.01,-0.0389,Calm,Sad
2.78,0.36,2.99,3.94,1.89,-0.0424,Calm,Sad
2.85,0.351,2.85,3.93,1.71,-0.0409,Calm,Sad
2.74,0.364,2.65,4.09,1.7,-0.0572,Calm,Sad
2.76,0.362,2.69,4.17,1.58,-0.0644,Calm,Sad
2.79,0.359,2.61,4.18,1.57,-0.0606,Calm,Sad
2.73,0.366,2.57,4.18,1.5,-0.0626,Calm,Sad
2.66,0.376,2.77,4.17,1.59,-0.0523,Calm,Sad
2.67,0.374,2.73,4.12,1.67,-0.0381,Calm,Sad
2.85,0.351,2.82,4.06,1.68,-0.0386,Calm,Sad
2.93,0.341,2.88,4.02,1.63,-0.0418,Calm,Sad
2.87,0.348,2.89,4.33,1.75,-0.0467,Calm,Sad
2.79,0.358,3.03,4.69,1.78,-0.0592,Calm,Sad
2.78,0.36,3.02,4.82,1.75,-0.0691,Calm,Sad
2.67,0.375,3.05,4.78,1.74,-0.0658,Calm,Sad
2.67,0.374,3.04,4.83,1.78,-0.063,Calm,Sad
2.93,0.342,3.08,4.89,1.77,-0.0511,Calm,Sad
3.16,0.316,3.07,4.85,1.82,-0.0488,Calm,Sad
3.27,0.306,2.84,4.84,1.75,-0.0481,Calm,Sad
3.32,0.301,2.92,4.88,1.74,-0.0466,Calm,Sad
3.3,0.303,2.82,4.94,1.73,-0.0402,Calm,Sad
3.39,0.295,2.71,5,1.76,-0.0319,Calm,Sad
3.5,0.286,2.67,4.88,1.66,-0.0264,Calm,Sad
3.52,0.284,2.56,4.61,1.6,-0.021,Calm,Sad
3.54,0.283,2.61,4.46,1.59,-0.0175,Calm,Sad
3.53,0.283,2.63,4.45,1.81,-0.0155,Calm,Sad
3.42,0.293,2.62,4.33,1.95,-0.0146,Calm,Sad
3.25,0.307,2.63,4.25,1.94,-0.0103,Calm,Sad
3.11,0.321,2.57,4.29,1.89,-0.00526,Calm,Sad
3,0.334,2.6,4.3,1.92,0.00139,Calm,Sad
2.93,0.341,2.8,4.37,1.91,0.00516,Calm,Sad
2.78,0.359,2.75,4.27,1.97,0.00646,Calm,Sad
2.8,0.357,2.73,4.05,1.9,0.00615,Calm,Sad
2.72,0.367,2.65,3.95,1.95,0.0145,Calm,Sad
2.78,0.36,2.71,3.82,2.04,-0.00924,Calm,Sad
3.1,0.322,2.78,3.75,2.09,-0.0237,Calm,Sad
3.27,0.306,2.88,3.85,1.87,-0.0244,Calm,Sad
3.29,0.304,2.97,3.97,1.91,-0.0242,Calm,Sad
3.28,0.304,3.06,4.01,1.87,-0.0242,Calm,Sad
3.26,0.307,3.1,3.98,1.9,-0.0249,Calm,Sad
3.19,0.313,3.03,3.82,2.01,-0.0262,Calm,Sad
3.18,0.314,3.05,3.74,2.02,-0.0267,Calm,Sad
3.06,0.326,3.09,3.82,1.91,-0.0338,Calm,Sad
2.97,0.336,3.11,3.89,2,-0.0454,Calm,Sad
2.97,0.337,3.11,3.89,2.01,-0.0385,Calm,Sad
2.77,0.36,3.05,3.87,1.81,-0.0277,Calm,Sad
2.28,0.438,3.06,3.74,1.82,-0.00846,Calm,Sad
1.9,0.527,2.97,3.54,1.87,0.0137,Calm,Sad
2.01,0.497,2.82,3.34,1.86,-0.0099,Calm,Sad
2.12,0.471,2.72,3.18,1.9,-0.0141,Calm,Sad
2.18,0.459,2.63,3.22,1.94,-0.03,Calm,Sad
2.27,0.44,2.52,3.49,1.83,-0.0378,Calm,Sad
2.46,0.407,2.34,3.56,1.83,-0.0179,Calm,Sad
2.66,0.376,2.41,3.47,1.99,-0.0134,Calm,Sad
2.71,0.369,2.61,3.41,2.1,-0.0273,Calm,Sad
2.88,0.347,2.74,3.51,2.17,-0.0445,Calm,Sad
3.05,0.328,2.75,3.62,2.18,-0.0492,Calm,Sad
3.2,0.312,2.68,3.77,2.22,-0.053,Calm,Sad
3.25,0.307,2.65,3.91,2.12,-0.054,Calm,Sad
3.27,0.306,2.72,3.98,2.17,-0.0552,Calm,Sad
3.3,0.303,2.83,4.25,2.18,-0.0502,Calm,Sad
3,0.334,2.84,4.49,2.14,-0.124,Calm,Sad
3.03,0.331,2.86,4.46,2.09,-0.114,Calm,Sad
3.04,0.329,2.87,4.47,2.07,-0.088,Calm,Sad
3.34,0.299,2.99,4.63,1.95,-0.0575,Calm,Sad
3.65,0.274,3.11,4.91,1.94,-0.039,Calm,Sad
3.71,0.27,3.2,5.01,1.85,-0.0336,Calm,Sad
3.65,0.274,3.31,4.93,1.79,-0.0343,Calm,Sad
3.61,0.277,3.34,4.77,1.64,-0.0342,Calm,Sad
3.6,0.278,3.27,4.62,1.59,-0.0335,Calm,Sad
3.62,0.277,3.28,4.59,1.58,-0.0344,Calm,Sad
3.61,0.277,3.39,4.58,1.56,-0.0357,Calm,Sad
3.7,0.27,3.38,4.64,1.53,-0.0333,Calm,Sad
3.75,0.267,3.39,4.76,1.55,-0.0302,Calm,Sad
3.68,0.272,3.38,4.86,1.73,-0.0331,Calm,Sad
3.42,0.293,3.24,4.78,1.74,-0.0444,Calm,Sad
3.01,0.332,3.19,4.51,1.81,-0.0746,Calm,Sad
3.03,0.33,3.07,4.4,1.89,-0.0765,Calm,Sad
3.01,0.332,3,4.49,1.89,-0.0718,Calm,Sad
3.03,0.33,3.07,4.6,1.94,-0.0684,Calm,Sad
3.08,0.324,3.28,4.62,1.97,-0.06,Calm,Sad
3.11,0.321,3.27,4.61,1.98,-0.0519,Calm,Sad
2.95,0.339,3.3,4.6,2,-0.0465,Calm,Sad
2.6,0.384,3.39,4.48,2.01,-0.0535,Calm,Sad
2.44,0.41,3.47,4.32,2.03,-0.0632,Calm,Sad
2.52,0.398,3.48,4.2,1.91,-0.0542,Calm,Sad
2.53,0.396,3.48,4.09,1.96,-0.038,Calm,Sad
2.36,0.424,3.51,3.98,1.94,-0.03,Calm,Sad
2.28,0.439,3.53,3.83,1.9,-0.0457,Calm,Sad
2.37,0.423,3.5,3.58,1.88,-0.0702,Calm,Sad
2.55,0.392,3.44,3.37,1.77,-0.0637,Calm,Sad
2.67,0.375,3.22,3.76,1.7,-0.0503,Calm,Sad
2.74,0.365,3.2,4.04,1.79,-0.0488,Calm,Sad
2.85,0.351,3.17,4.04,1.74,-0.0383,Calm,Sad
2.84,0.352,3.02,4.17,1.8,-0.0399,Calm,Sad
2.83,0.353,3.1,4.57,1.78,-0.0373,Calm,Sad
2.85,0.351,3.11,4.77,1.81,-0.0266,Calm,Sad
2.93,0.341,3.19,4.84,1.86,-0.0261,Calm,Sad
3.47,0.288,3.93,5.01,2.39,-0.0241,Calm,Sad
4.3,0.233,4.36,5.11,2.45,-0.0105,Calm,Sad
4.74,0.211,4.39,5.91,2.48,-0.00663,Calm,Sad
4.93,0.203,4.45,6.61,2.53,-0.00612,Calm,Sad
5,0.2,4.96,7.19,3.15,-0.00533,Calm,Sad
5.13,0.195,5.45,7.91,3.34,-0.00858,Calm,Sad
5.75,0.174,5.48,8.44,3.32,-0.0186,Calm,Sad
6.11,0.164,5.48,8.64,3.29,-0.0202,Calm,Sad
6.15,0.163,5.46,8.69,3.28,-0.0199,Calm,Sad
6.16,0.162,5.45,8.71,3.26,-0.0205,Calm,Sad
6.17,0.162,5.42,8.73,3.03,-0.0207,Calm,Sad
6.13,0.163,5.24,8.73,2.99,-0.0214,Calm,Sad
6.01,0.166,5.15,8.73,2.97,-0.0242,Calm,Sad
5.91,0.169,5.14,8.69,3.05,-0.0272,Calm,Sad
5.86,0.171,5.11,8.63,3.15,-0.0286,Calm,Sad
5.84,0.171,4.12,8.51,2.22,-0.0296,Calm,Sad
5.63,0.178,2.88,8.14,2.26,-0.0294,Calm,Sad
4.57,0.219,2.76,7.37,2.33,-0.0423,Calm,Sad
3.5,0.285,2.78,6.48,2.39,-0.125,Calm,Sad
3.26,0.307,2.82,5.75,2.47,-0.116,Calm,Sad
2.94,0.34,2.88,5.08,2.63,-0.129,Calm,Sad
2.69,0.372,2.91,4.64,2.74,-0.123,Calm,Sad
2.64,0.378,2.95,4.22,2.85,-0.114,Calm,Sad
2.62,0.381,2.93,3.66,2.78,-0.0993,Calm,Sad
2.66,0.376,2.97,3.34,2.71,-0.0931,Calm,Sad
2.67,0.375,2.87,3.25,2.56,-0.0905,Calm,Sad
2.63,0.38,2.82,3.48,2.6,-0.0949,Calm,Sad
2.51,0.398,2.9,3.71,2.63,-0.101,Calm,Sad
2.41,0.415,2.89,3.72,2.59,-0.11,Calm,Sad
2.39,0.418,2.93,3.6,2.61,-0.114,Calm,Sad
2.42,0.414,2.96,3.59,2.57,-0.103,Calm,Sad
2.37,0.421,2.98,3.74,2.43,-0.1,Calm,Sad
2.34,0.427,3.06,3.93,2.35,-0.105,Calm,Sad
2.35,0.425,3.06,4.04,2.2,-0.0973,Calm,Sad
2.31,0.433,3.03,4.11,2.17,-0.102,Calm,Sad
2.34,0.427,2.97,4.16,2.2,-0.0902,Calm,Sad
2.47,0.405,3,4.02,2.18,-0.072,Calm,Sad
2.52,0.397,2.91,3.86,1.95,-0.0692,Calm,Sad
2.47,0.405,2.76,4.06,1.96,-0.0708,Calm,Sad
2.46,0.406,2.73,4.21,2.03,-0.0564,Calm,Sad
2.47,0.405,2.72,4.21,2,-0.044,Calm,Sad
2.46,0.407,2.76,4.19,2.01,-0.037,Calm,Sad
2.44,0.409,2.81,4.09,2.05,-0.0318,Calm,Sad
2.43,0.412,2.73,3.93,2.03,-0.0357,Calm,Sad
2.4,0.417,2.91,3.96,2.22,-0.042,Calm,Sad
2.36,0.423,3.25,4.09,2.21,-0.0401,Calm,Sad
2.29,0.437,3.3,4.19,2.28,-0.0448,Calm,Sad
2.18,0.458,3.26,4.23,2.28,-0.0683,Calm,Sad
2.25,0.444,3.31,4.14,2.32,-0.074,Calm,Sad
2.21,0.453,3.55,3.92,2.33,-0.077,Calm,Sad
1.9,0.525,3.73,3.86,2.26,-0.0835,Calm,Sad
1.77,0.565,3.73,3.91,2.27,-0.0458,Calm,Sad
1.81,0.553,3.74,3.95,2.28,-0.0582,Calm,Sad
1.91,0.523,3.76,4,2.26,-0.0734,Calm,Sad
2.09,0.479,3.8,4.04,2.28,-0.096,Calm,Sad
2.19,0.457,3.7,4.05,2.13,-0.093,Calm,Sad
2.42,0.413,3.7,3.99,2.04,-0.0879,Calm,Sad
2.5,0.4,3.65,3.93,2,-0.0936,Calm,Sad
2.46,0.407,3.73,3.95,2.04,-0.0955,Calm,Sad
2.35,0.425,3.71,3.93,1.97,-0.097,Calm,Sad
2.29,0.437,3.38,3.92,1.99,-0.0923,Calm,Sad
2.27,0.441,3.29,3.92,2.02,-0.12,Calm,Sad
2.22,0.451,3.3,3.92,1.97,-0.149,Calm,Sad
2.21,0.453,3.23,3.95,1.92,-0.139,Calm,Sad
2.15,0.465,3.24,3.99,1.91,-0.0883,Calm,Sad
2.29,0.436,3.17,3.92,1.97,-0.0407,Calm,Sad
2.42,0.413,3.24,3.86,2.05,-0.0417,Calm,Sad
2.24,0.446,3.12,3.96,2.03,-0.0364,Calm,Sad
2.6,0.385,3.12,4.01,1.85,-0.035,Calm,Sad
3.18,0.314,3.01,4.06,1.87,-0.0405,Calm,Sad
3.09,0.324,3.13,3.41,2.51,-0.0562,Calm,Happy
3.03,0.33,3.32,3.26,2.52,-0.0534,Calm,Happy
2.78,0.359,3.36,3.25,2.57,-0.0716,Calm,Happy
2.38,0.419,3.19,3.06,2.53,-0.0885,Calm,Happy
2.34,0.427,3.23,2.99,2.55,-0.0742,Calm,Happy
2.24,0.446,3.24,3.15,2.47,-0.0944,Calm,Happy
2.1,0.477,3.14,3.32,2.19,-0.141,Calm,Happy
2.06,0.485,3.03,3.34,2.15,-0.216,Calm,Happy
2.09,0.477,3.2,3.32,2.1,-0.232,Calm,Happy
2.17,0.461,3.25,3.38,2.09,-0.183,Calm,Happy
2.14,0.468,3.33,3.5,2.27,-0.14,Calm,Happy
2.08,0.481,3.35,3.59,2.26,-0.114,Calm,Happy
2.05,0.488,3.16,3.58,2.28,-0.105,Calm,Happy
2.16,0.464,3.22,3.55,2.29,-0.0905,Calm,Happy
2.2,0.456,3.21,3.79,2.28,-0.0817,Calm,Happy
2.25,0.444,3.16,4.15,2.32,-0.101,Calm,Happy
2.63,0.38,3.26,4.19,2.34,-0.0964,Calm,Happy
2.9,0.345,3.28,4.19,2.32,-0.0615,Calm,Happy
3.05,0.328,3.25,4.29,2.28,-0.0369,Calm,Happy
3.13,0.32,3.16,4.34,2.36,-0.0341,Calm,Happy
3.11,0.321,3.11,4.35,2.44,-0.0345,Calm,Happy
3.23,0.31,3.02,4.4,2.33,-0.0228,Calm,Happy
3.39,0.295,3.11,4.62,2.4,-0.0173,Calm,Happy
3.47,0.288,3.24,4.84,2.27,-0.0202,Calm,Happy
3.51,0.285,3.27,4.9,2.28,-0.0215,Calm,Happy
3.53,0.283,3.26,4.77,2.3,-0.0213,Calm,Happy
3.47,0.288,3.24,4.63,2.26,-0.0155,Calm,Happy
3.32,0.301,3.27,4.66,2.27,-0.00949,Calm,Happy
3.2,0.313,3.33,4.65,2.28,-0.0125,Calm,Happy
3.01,0.333,3.33,4.6,2.34,-0.0105,Calm,Happy
2.97,0.337,3.35,4.56,2.09,-0.00955,Calm,Happy
2.93,0.341,3.34,4.55,2.06,-0.0165,Calm,Happy
2.73,0.367,3.32,4.41,2.06,-0.0384,Calm,Happy
2.38,0.42,3.2,4.02,2.03,-0.0698,Calm,Happy
2.28,0.439,3.08,3.68,2.2,-0.062,Calm,Happy
2.25,0.444,3.06,3.85,2.14,-0.0532,Calm,Happy
2.77,0.361,3.12,4.22,2.29,-0.0276,Calm,Happy
3.08,0.325,3.04,4.29,2.27,-0.0225,Calm,Happy
3.18,0.314,2.87,4.25,2.29,-0.0243,Calm,Happy
3.14,0.318,2.92,4.24,2.38,-0.0273,Calm,Happy
3.16,0.317,2.95,4.24,2.35,-0.0311,Calm,Happy
3.22,0.31,2.97,4.25,2.33,-0.0329,Calm,Happy
3.23,0.31,3.06,4.26,2.39,-0.0314,Calm,Happy
3.24,0.309,3.13,4.28,2.37,-0.0324,Calm,Happy
3.32,0.301,3.03,4.3,2.29,-0.0306,Calm,Happy
3.4,0.294,3.14,4.29,2.3,-0.0282,Calm,Happy
3.36,0.298,3.12,4.16,2.33,-0.0298,Calm,Happy
3.09,0.324,3.15,4.08,2.11,-0.0431,Calm,Happy
2.78,0.359,3.18,4.17,2.12,-0.0536,Calm,Happy
2.7,0.37,3.09,4.28,2.03,-0.0489,Calm,Happy
2.71,0.37,3.1,4.38,2.06,-0.0359,Calm,Happy
2.86,0.349,3.14,4.36,2.04,0.00213,Calm,Happy
3.27,0.306,2.94,4.25,1.97,0.0219,Calm,Happy
3.56,0.281,3.02,4.23,1.99,0.0193,Calm,Happy
3.61,0.277,3.12,4.28,2.11,0.0148,Calm,Happy
3.53,0.284,3.22,4.28,2.14,0.0149,Calm,Happy
3.46,0.289,3.23,4.2,2.07,0.0205,Calm,Happy
3.44,0.29,3.13,4.08,2.06,0.0231,Calm,Happy
3.48,0.288,3.29,3.95,2.38,0.0182,Calm,Happy
3.62,0.277,3.29,3.9,2.45,0.00667,Calm,Happy
3.82,0.262,3.43,3.93,2.6,0.00227,Calm,Happy
3.86,0.259,3.48,3.94,2.62,0.00271,Calm,Happy
3.83,0.261,3.51,4.08,2.73,-0.00634,Calm,Happy
3.76,0.266,3.67,4.06,2.84,-0.0189,Calm,Happy
3.64,0.275,3.62,4.1,2.96,-0.0279,Calm,Happy
3.62,0.277,3.51,4.15,2.93,-0.0306,Calm,Happy
3.69,0.271,3.43,4.17,2.96,-0.0347,Calm,Happy
3.74,0.268,3.5,4.2,3.03,-0.0376,Calm,Happy
3.78,0.265,3.39,4.25,3.03,-0.0334,Calm,Happy
3.76,0.266,3.37,4.29,2.9,-0.0287,Calm,Happy
3.63,0.276,3.28,4.25,2.86,-0.0268,Calm,Happy
3.45,0.29,3.26,4.08,2.92,-0.0328,Calm,Happy
3.32,0.301,3.26,3.76,2.9,-0.0438,Calm,Happy
3.12,0.321,3.25,3.77,2.82,-0.0505,Calm,Happy
2.88,0.348,2.96,4,2.71,-0.0569,Calm,Happy
2.89,0.346,3.02,4.13,2.6,-0.0539,Calm,Happy
2.75,0.364,3.07,4.14,2.66,-0.0388,Calm,Happy
2.71,0.369,3.2,4.12,2.58,-0.0128,Calm,Happy
2.72,0.367,3.21,4.07,2.57,-0.0139,Calm,Happy
2.76,0.363,3.46,3.95,2.58,-0.0318,Calm,Happy
2.81,0.356,3.64,3.86,2.7,-0.0444,Calm,Happy
2.9,0.345,3.8,3.86,2.73,-0.051,Calm,Happy
2.94,0.34,3.9,3.86,2.86,-0.0513,Calm,Happy
3.23,0.31,3.86,3.86,2.89,-0.0573,Calm,Happy
3.6,0.277,3.87,3.62,2.88,-0.0502,Calm,Happy
3.77,0.265,3.86,3.12,3.02,-0.0426,Calm,Happy
3.8,0.263,3.83,2.82,3.05,-0.04,Calm,Happy
3.77,0.265,3.78,2.73,2.92,-0.0405,Calm,Happy
3.77,0.265,3.76,3.03,2.95,-0.0435,Calm,Happy
3.76,0.266,3.71,3.45,2.94,-0.046,Calm,Happy
3.7,0.27,3.54,3.69,2.92,-0.0471,Calm,Happy
3.64,0.275,3.35,3.78,2.88,-0.0481,Calm,Happy
3.62,0.276,3.15,3.87,2.77,-0.0501,Calm,Happy
3.57,0.28,2.87,3.92,2.6,-0.0479,Calm,Happy
3.27,0.305,2.85,3.94,2.65,-0.0443,Calm,Happy
2.74,0.364,3.05,3.94,2.87,-0.0476,Calm,Happy
2.37,0.422,3.14,3.91,2.89,-0.0699,Calm,Happy
2.42,0.413,3.24,3.89,2.93,-0.0928,Calm,Happy
2.58,0.388,3.2,3.98,2.96,-0.0963,Calm,Happy
2.6,0.385,3.2,4.05,3.01,-0.0821,Calm,Happy
2.62,0.382,3.13,4.04,3.01,-0.0607,Calm,Happy
2.72,0.367,3.38,3.95,3.06,-0.0444,Calm,Happy
2.75,0.363,3.36,3.89,2.96,-0.036,Calm,Happy
2.71,0.37,3.39,3.9,3,-0.0359,Calm,Happy
2.75,0.364,3.46,3.9,3.06,-0.0331,Calm,Happy
2.97,0.337,3.45,3.93,3.03,-0.0242,Calm,Happy
3.39,0.295,3.45,4.05,2.76,-0.0122,Calm,Happy
1.81,0.551,3.32,4.28,2.32,-0.074,Happy,Calm
2.14,0.468,3.37,4.33,2.2,-0.0968,Happy,Calm
2.49,0.402,3.34,4.24,2.03,-0.0805,Happy,Calm
2.91,0.343,3.3,4.46,2.03,-0.0468,Happy,Calm
3.73,0.268,3.45,4.88,2.05,-0.0277,Happy,Calm
4.12,0.243,3.43,4.98,2.06,-0.0234,Happy,Calm
4.26,0.235,3.44,4.95,2.07,-0.0243,Happy,Calm
4.32,0.231,3.45,4.91,2.01,-0.0245,Happy,Calm
4.4,0.228,3.13,4.9,1.64,-0.0248,Happy,Calm
4.44,0.225,3.01,4.88,1.66,-0.0244,Happy,Calm
4.43,0.226,2.97,4.84,1.61,-0.0244,Happy,Calm
4.43,0.226,2.88,4.77,1.5,-0.0241,Happy,Calm
4.4,0.227,2.88,4.75,1.55,-0.0234,Happy,Calm
4.35,0.23,2.89,4.69,1.6,-0.0242,Happy,Calm
4.21,0.238,2.71,4.26,1.67,-0.0283,Happy,Calm
3.85,0.26,2.71,3.73,1.66,-0.037,Happy,Calm
3.33,0.301,2.85,3.31,1.68,-0.0483,Happy,Calm
3.23,0.31,2.8,3.14,1.71,-0.0389,Happy,Calm
3,0.333,2.83,3.09,1.74,-0.0258,Happy,Calm
2.68,0.373,2.98,3.18,1.72,-0.0262,Happy,Calm
2.62,0.382,3.08,3.24,1.71,-0.0318,Happy,Calm
2.62,0.381,3.09,3.25,1.81,-0.031,Happy,Calm
2.65,0.377,3.11,3.28,1.84,-0.0278,Happy,Calm
2.69,0.372,3.07,3.34,1.76,-0.0142,Happy,Calm
2.64,0.379,3.15,3.4,1.74,-0.00279,Happy,Calm
2.51,0.399,3.29,3.35,1.78,0.00861,Happy,Calm
2.47,0.405,3.2,3.18,1.92,-0.0179,Happy,Calm
2.48,0.404,3.08,3.1,1.98,-0.0872,Happy,Calm
2.55,0.393,3.07,3.1,1.97,-0.16,Happy,Calm
2.6,0.384,3.15,3.14,2.03,-0.159,Happy,Calm
2.63,0.38,3.02,3.12,2.04,-0.13,Happy,Calm
2.79,0.358,2.96,3.08,2.07,-0.0933,Happy,Calm
2.89,0.346,2.96,2.98,2.08,-0.0722,Happy,Calm
2.93,0.341,2.95,2.76,2.02,-0.0727,Happy,Calm
2.93,0.341,2.89,2.62,2.09,-0.0795,Happy,Calm
2.96,0.338,2.7,2.7,2.19,-0.0783,Happy,Calm
2.97,0.337,2.67,3.1,2.19,-0.0772,Happy,Calm
2.91,0.343,2.69,3.67,2.2,-0.0596,Happy,Calm
2.81,0.356,2.73,4.22,2.21,-0.0392,Happy,Calm
2.77,0.361,2.72,4.64,2.17,-0.0485,Happy,Calm
2.79,0.359,2.91,4.84,2.21,-0.0574,Happy,Calm
2.92,0.343,2.89,4.94,2.26,-0.0445,Happy,Calm
3.07,0.325,2.94,5.04,2.22,-0.0484,Happy,Calm
3.05,0.328,2.97,5.1,2.18,-0.06,Happy,Calm
3.06,0.327,2.94,5.16,2.27,-0.0607,Happy,Calm
3.13,0.319,2.99,5.18,2.25,-0.05,Happy,Calm
3.21,0.311,3.02,5.17,2.35,-0.0429,Happy,Calm
3.2,0.312,3.03,5.22,2.32,-0.0402,Happy,Calm
3.27,0.305,3.13,5.28,2.43,-0.0285,Happy,Calm
3.39,0.295,3.27,5.19,2.65,-0.015,Happy,Calm
3.42,0.293,3.38,5.02,2.79,-0.00157,Happy,Calm
3.41,0.293,3.18,4.95,2.78,-0.00016,Happy,Calm
3.31,0.302,3.38,4.88,2.7,0.00211,Happy,Calm
3.2,0.312,3.32,4.79,2.76,0.000543,Happy,Calm
3.23,0.309,3.4,4.72,2.89,-0.00757,Happy,Calm
3.2,0.313,3.46,4.61,2.88,-0.0146,Happy,Calm
3.12,0.321,3.51,4.57,2.83,-0.0283,Happy,Calm
3.15,0.317,3.45,4.52,2.76,-0.0296,Happy,Calm
3.28,0.305,3.5,4.11,2.83,-0.0304,Happy,Calm
3.18,0.314,3.43,3.43,2.66,-0.0409,Happy,Calm
3.13,0.319,3.29,3.38,2.65,-0.0591,Happy,Calm
3.28,0.305,3.2,3.56,2.6,-0.0593,Happy,Calm
3.3,0.303,3.12,3.55,2.59,-0.0596,Happy,Calm
3.25,0.308,3.06,3.44,2.66,-0.0595,Happy,Calm
3.23,0.309,3.27,3.34,2.62,-0.0565,Happy,Calm
3.26,0.306,3.33,3.35,2.47,-0.0503,Happy,Calm
3.31,0.302,3.27,3.35,2.57,-0.0477,Happy,Calm
3.35,0.299,3.24,3.35,2.73,-0.0432,Happy,Calm
3.28,0.305,3.25,3.3,2.81,-0.0404,Happy,Calm
3.21,0.312,3.21,3.23,2.81,-0.0396,Happy,Calm
3.21,0.312,3.24,3.23,2.75,-0.0356,Happy,Calm
3.1,0.323,3.26,3.28,2.58,-0.0329,Happy,Calm
3.08,0.325,3.29,3.42,2.68,-0.0341,Happy,Calm
3.1,0.323,3.31,3.57,2.66,-0.0355,Happy,Calm
3.05,0.328,3.18,3.7,2.59,-0.0343,Happy,Calm
2.92,0.342,3,3.87,2.57,-0.0329,Happy,Calm
2.84,0.352,2.86,4.09,2.46,-0.0293,Happy,Calm
2.75,0.364,2.97,4.34,2.55,-0.0247,Happy,Calm
2.63,0.38,2.91,4.48,2.44,-0.0373,Happy,Calm
2.73,0.366,2.89,4.49,2.26,-0.0673,Happy,Calm
2.79,0.358,2.85,4.5,2.26,-0.0871,Happy,Calm
2.71,0.37,2.76,4.46,2.29,-0.103,Happy,Calm
2.63,0.381,2.83,4.35,2.36,-0.109,Happy,Calm
2.73,0.366,2.82,4.32,2.26,-0.087,Happy,Calm
2.85,0.35,2.88,4.35,2.32,-0.0642,Happy,Calm
2.9,0.345,2.89,4.32,2.34,-0.0558,Happy,Calm
2.97,0.337,2.85,4.27,2.39,-0.044,Happy,Calm
3.09,0.324,2.89,4.16,2.41,-0.0303,Happy,Calm
3.22,0.31,2.94,3.88,2.3,-0.0241,Happy,Calm
3.2,0.312,2.93,3.7,2.54,-0.0181,Happy,Calm
3.14,0.319,2.9,3.88,2.54,-0.00507,Happy,Calm
3.16,0.316,3.11,4.03,2.54,0.0098,Happy,Calm
3.17,0.315,3.11,4.04,2.55,0.0191,Happy,Calm
3.17,0.315,3.08,4.05,2.54,0.0255,Happy,Calm
3.05,0.328,3.07,4.01,2.52,0.0323,Happy,Calm
3.12,0.32,3.02,3.94,2.51,0.0335,Happy,Calm
3.31,0.302,3.02,3.93,2.5,0.0243,Happy,Calm
3.34,0.3,2.93,3.98,2.48,0.0224,Happy,Calm
3.26,0.306,2.96,3.99,2.37,0.0212,Happy,Calm
3.28,0.305,2.88,4.08,2.54,0.0141,Happy,Calm
3.37,0.297,2.86,4.11,2.34,0.00975,Happy,Calm
3.37,0.297,2.97,4.02,2.43,0.00261,Happy,Calm
3.33,0.3,2.77,4.03,2.47,-0.00253,Happy,Calm
3.25,0.308,2.72,4.03,2.46,-0.00749,Happy,Calm
3.22,0.311,2.82,4.11,2.48,-0.00913,Happy,Calm
3.25,0.307,2.81,4.35,2.56,-0.019,Happy,Calm
3.1,0.322,2.85,4.54,2.63,-0.0309,Happy,Calm
3.04,0.329,3.05,3.45,2.03,-0.00126,Happy,Sad
3.11,0.322,3.16,3.42,1.98,0.00181,Happy,Sad
3.14,0.319,3.3,3.43,1.93,-0.00134,Happy,Sad
3.27,0.306,3.35,3.39,1.85,-0.0151,Happy,Sad
3.45,0.289,3.26,3.39,1.79,-0.0239,Happy,Sad
3.5,0.286,3.22,3.41,1.74,-0.0252,Happy,Sad
3.36,0.297,3.25,3.33,1.77,-0.0318,Happy,Sad
3.21,0.312,3.26,2.97,1.62,-0.041,Happy,Sad
3.18,0.315,3.16,2.49,1.58,-0.0415,Happy,Sad
3.25,0.307,3.16,2.41,1.62,-0.0315,Happy,Sad
3.36,0.298,3.16,2.58,1.61,-0.0222,Happy,Sad
3.38,0.296,3.15,2.83,1.67,-0.0226,Happy,Sad
3.33,0.301,2.93,3.05,1.8,-0.0278,Happy,Sad
3.24,0.309,2.83,3.1,1.81,-0.029,Happy,Sad
3.04,0.328,2.79,3.13,1.82,-0.0225,Happy,Sad
2.79,0.359,2.87,3.18,2.26,-0.00981,Happy,Sad
2.65,0.377,2.99,3.34,2.5,0.0211,Happy,Sad
2.74,0.365,2.99,3.48,2.6,0.031,Happy,Sad
2.87,0.348,2.94,3.54,2.64,0.0188,Happy,Sad
2.98,0.336,2.94,3.54,2.67,0.0105,Happy,Sad
2.99,0.334,3.11,3.58,2.7,0.00303,Happy,Sad
3.06,0.327,3.12,3.85,2.74,0.00617,Happy,Sad
3.15,0.317,3.2,4.1,2.77,0.0151,Happy,Sad
3.19,0.314,3.3,4.15,2.8,0.0218,Happy,Sad
3.28,0.305,3.27,4.17,2.94,0.0267,Happy,Sad
3.35,0.298,3.32,4.17,2.96,0.0298,Happy,Sad
3.37,0.297,3.4,4.18,2.76,0.03,Happy,Sad
3.42,0.292,3.4,4.41,2.67,0.0173,Happy,Sad
3.57,0.28,3.39,4.66,2.63,0.00383,Happy,Sad
3.62,0.276,3.41,4.7,2.71,0.00215,Happy,Sad
3.56,0.281,3.46,4.68,2.68,0.00316,Happy,Sad
3.52,0.284,3.4,4.6,2.7,-0.00326,Happy,Sad
3.42,0.292,3.54,4.4,2.73,-0.00852,Happy,Sad
3.44,0.291,3.5,4.24,2.72,-0.0112,Happy,Sad
3.44,0.29,3.44,4.2,2.64,-0.0187,Happy,Sad
3.38,0.296,3.47,4.26,2.53,-0.0292,Happy,Sad
3.38,0.296,3.42,4.43,2.81,-0.037,Happy,Sad
3.42,0.292,3.41,4.46,2.95,-0.0387,Happy,Sad
3.36,0.298,3.44,4.07,2.95,-0.0395,Happy,Sad
3.13,0.319,3.4,3.83,2.92,-0.0462,Happy,Sad
2.98,0.336,3.34,4.13,2.85,-0.0513,Happy,Sad
2.92,0.342,3.32,4.4,2.81,-0.0364,Happy,Sad
2.77,0.361,3.35,4.55,2.78,-0.0224,Happy,Sad
2.83,0.353,3.26,4.64,2.82,-0.0213,Happy,Sad
2.87,0.349,3.25,4.65,2.8,-0.0327,Happy,Sad
3,0.333,3.43,4.7,2.82,-0.0352,Happy,Sad
3.12,0.32,3.4,4.67,2.74,-0.0221,Happy,Sad
3.08,0.325,3.6,4.59,2.21,-0.0107,Happy,Sad
3.2,0.313,3.6,4.55,1.99,-0.0147,Happy,Sad
3.51,0.285,3.61,4.69,2.08,-0.00945,Happy,Sad
3.63,0.276,3.64,4.71,2.16,-0.00433,Happy,Sad
3.65,0.274,3.7,4.52,2.2,-0.00514,Happy,Sad
3.65,0.274,3.64,4.38,2.22,-0.00762,Happy,Sad
3.65,0.274,3.6,4.36,2.17,-0.00968,Happy,Sad
3.58,0.279,3.57,4.45,2.02,-0.00863,Happy,Sad
3.49,0.286,3.54,4.48,1.92,-0.00388,Happy,Sad
3.47,0.288,3.4,4.38,1.84,-0.00721,Happy,Sad
3.43,0.291,3.39,4.29,1.83,-0.0133,Happy,Sad
3.38,0.296,3.21,4.24,1.93,-0.0138,Happy,Sad
3.18,0.315,3.13,4.12,2.02,-0.0162,Happy,Sad
2.73,0.366,3.07,3.88,1.91,-0.0509,Happy,Sad
2.44,0.409,3.12,3.98,1.77,-0.128,Happy,Sad
2.65,0.378,3.01,4.34,1.82,-0.134,Happy,Sad
2.83,0.353,3.08,4.47,1.84,-0.121,Happy,Sad
3.11,0.322,3.01,4.65,1.85,-0.0954,Happy,Sad
3.32,0.301,2.99,4.83,1.85,-0.0724,Happy,Sad
3.41,0.293,3.01,4.87,1.99,-0.0641,Happy,Sad
3.41,0.293,2.98,4.87,2.04,-0.0609,Happy,Sad
3.44,0.291,2.9,4.88,2.03,-0.0577,Happy,Sad
3.45,0.289,2.79,4.9,2.05,-0.0558,Happy,Sad
3.43,0.291,2.73,4.9,2.13,-0.053,Happy,Sad
3.42,0.292,2.9,4.85,2.18,-0.0491,Happy,Sad
3.36,0.298,2.95,4.68,2.28,-0.0427,Happy,Sad
3.32,0.302,2.97,4.51,2.23,-0.0427,Happy,Sad
3.25,0.308,3.06,4.41,2.27,-0.0439,Happy,Sad
3.21,0.312,3.22,3.98,2.28,-0.0439,Happy,Sad
3.35,0.299,3.59,3.61,2.49,-0.0265,Happy,Sad
3.44,0.291,3.67,3.56,2.45,-0.0136,Happy,Sad
3.42,0.293,3.74,3.55,2.47,-0.00942,Happy,Sad
3.41,0.294,3.87,3.43,2.49,-0.00865,Happy,Sad
3.43,0.291,3.88,3.44,2.43,-0.0118,Happy,Sad
3.44,0.291,3.86,3.64,2.35,-0.012,Happy,Sad
3.44,0.291,3.83,3.72,2.28,-0.0112,Happy,Sad
3.43,0.292,3.78,3.74,2.17,-0.0101,Happy,Sad
3.45,0.29,3.79,3.75,2.13,-0.00631,Happy,Sad
3.43,0.291,3.69,3.74,2.09,-0.00371,Happy,Sad
3.27,0.306,3.61,3.76,2.02,-0.00261,Happy,Sad
3.01,0.333,3.26,3.83,1.7,-0.00789,Happy,Sad
2.86,0.35,3.3,4.06,1.76,-0.0191,Happy,Sad
2.87,0.348,3.2,4.1,1.78,-0.0277,Happy,Sad
3.02,0.331,3.01,4.2,1.56,-0.0297,Happy,Sad
3.12,0.32,2.97,4.36,1.52,-0.0314,Happy,Sad
3.14,0.319,2.99,4.45,1.58,-0.0356,Happy,Sad
3.14,0.319,3.28,4.52,1.72,-0.0408,Happy,Sad
3.14,0.318,3.39,4.47,1.73,-0.0392,Happy,Sad
3.12,0.321,3.46,4.33,1.74,-0.033,Happy,Sad
3.24,0.309,3.45,4.29,1.74,-0.0323,Happy,Sad
3.52,0.284,3.52,4.29,2.03,-0.0359,Happy,Sad
3.81,0.262,3.54,4.19,2.06,-0.0362,Happy,Sad
3.97,0.252,3.45,4.11,2.02,-0.0336,Happy,Sad
4.03,0.248,3.51,4.18,2.03,-0.0329,Happy,Sad
4.03,0.248,3.46,4.16,2.01,-0.0353,Happy,Sad
4.03,0.248,3.45,3.97,1.98,-0.0369,Happy,Sad
4.03,0.248,3.36,3.69,1.97,-0.037,Happy,Sad
4.04,0.248,2.98,3.54,1.89,-0.0361,Happy,Sad
4.03,0.248,3.06,3.54,1.94,-0.0371,Happy,Sad
3.97,0.252,3.02,3.64,1.94,-0.0402,Happy,Sad
4.05,0.247,3.39,3.76,1.7,-0.0433,Happy,Agressive
4.04,0.248,3.31,4.19,1.57,-0.0468,Happy,Agressive
4,0.25,3.25,4.71,1.52,-0.0475,Happy,Agressive
4.01,0.249,3.18,4.95,1.44,-0.0439,Happy,Agressive
4.04,0.247,3.2,4.96,1.44,-0.0407,Happy,Agressive
3.95,0.253,3.21,4.99,1.36,-0.0398,Happy,Agressive
3.78,0.264,3.14,5,1.41,-0.0421,Happy,Agressive
3.41,0.293,3,4.98,1.43,-0.0576,Happy,Agressive
2.95,0.339,2.96,4.95,1.64,-0.093,Happy,Agressive
2.92,0.342,2.79,4.91,1.67,-0.0924,Happy,Agressive
2.89,0.346,2.78,4.9,2.02,-0.0995,Happy,Agressive
2.81,0.355,2.83,4.91,1.97,-0.109,Happy,Agressive
2.83,0.354,2.85,4.76,2,-0.106,Happy,Agressive
2.73,0.366,2.98,4.41,2.18,-0.111,Happy,Agressive
2.42,0.413,3.02,4.17,2.41,-0.144,Happy,Agressive
2.04,0.49,3.09,4.15,2.45,-0.135,Happy,Agressive
2.09,0.479,3.23,4.11,2.53,-0.0605,Happy,Agressive
2.24,0.446,3.33,4.17,2.59,-0.039,Happy,Agressive
2.42,0.413,3.35,4.19,2.58,-0.0226,Happy,Agressive
2.72,0.368,3.35,4.22,2.63,-0.019,Happy,Agressive
2.85,0.351,3.42,4.32,2.67,-0.0282,Happy,Agressive
2.96,0.338,3.45,4.19,2.67,-0.0282,Happy,Agressive
3.03,0.33,3.54,3.9,2.77,-0.0206,Happy,Agressive
3.17,0.316,3.52,3.6,2.94,-0.019,Happy,Agressive
3.31,0.302,3.54,3.51,2.87,-0.0214,Happy,Agressive
3.43,0.291,3.56,3.62,2.85,-0.019,Happy,Agressive
3.53,0.283,3.55,3.8,2.87,-0.0201,Happy,Agressive
3.58,0.279,3.36,4.04,2.89,-0.025,Happy,Agressive
3.57,0.28,3.51,4.22,2.96,-0.0286,Happy,Agressive
3.49,0.286,3.48,4.27,3,-0.0286,Happy,Agressive
3.43,0.291,3.71,4.23,3.07,-0.0288,Happy,Agressive
3.4,0.294,3.96,4.23,3.59,-0.0238,Happy,Agressive
3.39,0.295,4.14,4.29,3.73,-0.0247,Happy,Agressive
3.29,0.304,4.2,4.29,3.73,-0.0308,Happy,Agressive
3.17,0.315,4.17,4.31,3.76,-0.0277,Happy,Agressive
3.05,0.327,4.14,4.33,3.78,-0.0332,Happy,Agressive
2.91,0.344,4.11,4.27,3.8,-0.0496,Happy,Agressive
2.76,0.362,4.18,4.15,3.91,-0.0473,Happy,Agressive
2.65,0.377,4.15,4.02,4.08,-0.0501,Happy,Agressive
2.87,0.348,4.18,3.91,4.14,-0.0496,Happy,Agressive
2.93,0.341,4.25,4.02,4.21,-0.0405,Happy,Agressive
2.92,0.343,4.17,4.21,4.11,-0.0362,Happy,Agressive
2.86,0.349,3.99,4.24,3.9,-0.042,Happy,Agressive
2.89,0.346,3.56,4.23,3.77,-0.0422,Happy,Agressive
2.89,0.346,3.61,4.37,3.72,-0.0469,Happy,Agressive
3.05,0.328,3.64,4.6,3.69,-0.0421,Happy,Agressive
3.13,0.319,3.75,4.75,3.69,-0.0336,Happy,Agressive
3.14,0.319,3.65,4.82,3.59,-0.0275,Happy,Agressive
3.09,0.323,3.62,4.78,3.55,-0.0237,Happy,Agressive
2.97,0.337,3.57,4.7,3.07,-0.00915,Happy,Agressive
2.75,0.363,3.4,4.7,3.03,0.00283,Happy,Agressive
2.63,0.38,3.38,4.65,2.82,-0.00355,Happy,Agressive
2.74,0.365,3.09,4.46,2.76,-0.0144,Happy,Agressive
2.93,0.341,3.17,4.46,2.79,-0.0153,Happy,Agressive
3,0.334,3.14,4.5,2.8,-0.00574,Happy,Agressive
2.98,0.336,2.99,4.34,2.76,-0.000926,Happy,Agressive
2.89,0.346,3.11,4.13,2.77,-0.000494,Happy,Agressive
2.87,0.348,3.26,4.04,2.79,-0.0129,Happy,Agressive
2.97,0.337,3.3,4,2.64,-0.0161,Happy,Agressive
3.02,0.331,3.42,3.97,2.62,-0.0227,Happy,Agressive
3.04,0.329,3.4,4,2.62,-0.0242,Happy,Agressive
3.1,0.323,3.3,4.1,2.47,-0.0249,Happy,Agressive
3.14,0.318,3.31,4.18,2.5,-0.027,Happy,Agressive
3.02,0.331,3.35,4.29,2.65,-0.0328,Happy,Agressive
2.84,0.352,3.33,4.3,2.63,-0.0489,Happy,Agressive
2.81,0.356,3.34,4.31,2.59,-0.0589,Happy,Agressive
2.77,0.361,3.32,4.43,2.7,-0.059,Happy,Agressive
2.65,0.378,3.31,4.44,2.79,-0.056,Happy,Agressive
2.45,0.409,3.11,4.34,2.75,-0.0721,Happy,Agressive
2.48,0.403,3.03,4.34,2.84,-0.0814,Happy,Agressive
2.73,0.366,3.09,4.41,2.9,-0.0698,Happy,Agressive
2.71,0.369,3.19,4.36,2.89,-0.0741,Happy,Agressive
2.75,0.364,3.27,4.26,2.94,-0.0748,Happy,Agressive
2.74,0.365,3.32,4.29,2.91,-0.0798,Happy,Agressive
3.04,0.329,3.34,4.41,2.81,-0.0664,Happy,Agressive
3.31,0.302,3.3,4.36,2.8,-0.0524,Happy,Agressive
3.5,0.286,3.28,4.27,2.78,-0.0395,Happy,Agressive
3.68,0.272,3.17,4.31,2.58,-0.0321,Happy,Agressive
3.84,0.26,3.14,4.45,2.5,-0.027,Happy,Agressive
3.95,0.253,3.12,4.46,2.57,-0.0206,Happy,Agressive
3.94,0.254,3.06,4.41,2.47,-0.0149,Happy,Agressive
3.95,0.253,2.82,4.46,2.35,-0.0133,Happy,Agressive
3.96,0.252,3.09,4.58,2.43,-0.0132,Happy,Agressive
3.95,0.253,2.98,4.57,2.27,-0.0101,Happy,Agressive
3.88,0.258,2.97,4.39,2.3,-0.00616,Happy,Agressive
3.8,0.263,3.01,4.24,2.34,-0.0043,Happy,Agressive
3.69,0.271,3.01,4.21,2.41,-0.00455,Happy,Agressive
3.6,0.278,3.04,4.21,2.4,-0.00506,Happy,Agressive
3.54,0.283,3.04,4.2,2.42,-0.00803,Happy,Agressive
3.49,0.286,3.01,4.13,2.32,-0.0177,Happy,Agressive
3.38,0.296,3.04,4.12,2.3,-0.0326,Happy,Agressive
3.26,0.307,3.1,4.34,2.21,-0.0446,Happy,Agressive
3.29,0.304,3.17,4.33,2.23,-0.0449,Happy,Agressive
3.46,0.289,2.88,4.32,2.06,-0.0386,Happy,Agressive
3.58,0.28,2.86,4.6,2.14,-0.037,Happy,Agressive
3.65,0.274,2.76,4.76,2.07,-0.0362,Happy,Agressive
3.64,0.275,2.67,4.79,1.98,-0.0345,Happy,Agressive
3.64,0.275,2.68,4.79,1.91,-0.0314,Happy,Agressive
3.62,0.276,2.67,4.79,1.95,-0.0272,Happy,Agressive
3.54,0.283,2.73,4.73,2,-0.0207,Happy,Agressive
3.45,0.29,2.76,4.77,2.09,-0.0145,Happy,Agressive
3.35,0.298,2.82,4.76,2.13,-0.014,Happy,Agressive
3.33,0.3,2.96,4.6,2.12,-0.0144,Happy,Agressive
3.18,0.314,3.02,4.51,2.05,-0.0128,Happy,Agressive
2.94,0.341,3.01,4.42,2.09,-0.0146,Happy,Agressive
2.7,0.371,3.08,4.08,2.02,-0.00438,Happy,Agressive
3.12,0.321,3.02,5.04,2.21,0.012,Sad,Happy
3.06,0.327,2.84,4.99,2.21,0.0061,Sad,Happy
2.76,0.362,2.78,4.8,2.19,0.00809,Sad,Happy
2.24,0.445,2.78,4.28,2.21,-0.00673,Sad,Happy
2.25,0.445,2.83,3.78,2.1,-0.0347,Sad,Happy
2.34,0.427,2.76,3.59,2.09,-0.0502,Sad,Happy
2.66,0.377,2.73,3.46,2.13,-0.0612,Sad,Happy
2.96,0.338,2.88,3.49,2.14,-0.0566,Sad,Happy
3.02,0.331,2.88,3.63,2.2,-0.0546,Sad,Happy
3.03,0.33,2.84,3.72,2.22,-0.0548,Sad,Happy
3.06,0.327,3.08,4,2.15,-0.051,Sad,Happy
3.2,0.312,3.21,4.27,2.14,-0.0452,Sad,Happy
3.38,0.296,3.31,4.45,2.06,-0.0354,Sad,Happy
3.41,0.293,3.34,4.56,2.02,-0.031,Sad,Happy
3.38,0.296,3.36,4.61,1.97,-0.0281,Sad,Happy
3.32,0.301,3.32,4.6,1.94,-0.0294,Sad,Happy
3.21,0.311,3.33,4.62,1.81,-0.0212,Sad,Happy
3.16,0.316,3.2,4.61,1.77,-0.0086,Sad,Happy
3.33,0.3,3.17,4.59,1.79,-0.0117,Sad,Happy
3.4,0.294,3.16,4.56,1.7,-0.0138,Sad,Happy
3.4,0.295,3.1,4.55,1.54,-0.0169,Sad,Happy
3.42,0.293,3.08,4.38,1.53,-0.0161,Sad,Happy
3.43,0.291,3.11,4.1,1.45,-0.0147,Sad,Happy
3.49,0.287,3.18,3.88,1.52,-0.0154,Sad,Happy
3.5,0.286,3.18,3.64,1.49,-0.0205,Sad,Happy
3.52,0.284,3.15,3.41,1.53,-0.0241,Sad,Happy
3.53,0.284,3.26,3.02,1.69,-0.0255,Sad,Happy
3.44,0.291,3.29,2.96,1.84,-0.0269,Sad,Happy
3.19,0.314,3.39,3.13,1.93,-0.025,Sad,Happy
2.96,0.338,3.38,3.02,1.91,-0.0207,Sad,Happy
2.88,0.347,3.33,2.99,1.93,-0.0233,Sad,Happy
2.86,0.35,3.47,3.05,1.98,-0.0193,Sad,Happy
2.65,0.378,3.41,3.13,2.13,-0.0213,Sad,Happy
2.09,0.479,3.47,3.29,2.14,-0.0339,Sad,Happy
1.66,0.604,3.4,3.46,2.22,-0.0615,Sad,Happy
1.47,0.681,3.38,3.6,2.74,-0.0526,Sad,Happy
1.38,0.726,3.47,3.75,2.85,-0.0482,Sad,Happy
1.9,0.527,3.39,3.71,2.8,-0.0653,Sad,Happy
2.14,0.468,3.39,3.71,2.81,-0.0726,Sad,Happy
2.12,0.471,3.34,3.99,2.79,-0.0707,Sad,Happy
2.28,0.438,3.41,4.17,2.9,-0.0528,Sad,Happy
2.45,0.409,3.54,4.23,2.92,-0.0534,Sad,Happy
2.52,0.396,3.47,4.27,2.99,-0.0487,Sad,Happy
2.63,0.38,3.57,4.37,3.03,-0.0318,Sad,Happy
2.71,0.369,3.48,4.58,3.05,-0.0233,Sad,Happy
2.7,0.371,3.58,4.77,3.02,-0.0218,Sad,Happy
2.73,0.366,3.64,4.82,2.62,-0.0215,Sad,Happy
2.74,0.365,3.59,4.83,2.72,-0.0158,Sad,Happy
2.56,0.391,3.61,4.87,2.79,-0.0206,Sad,Happy
2.58,0.388,3.61,4.87,2.75,-0.0133,Sad,Happy
2.71,0.369,3.58,4.78,2.73,-0.0157,Sad,Happy
2.66,0.376,3.58,4.69,2.7,-0.0106,Sad,Happy
2.6,0.385,3.48,4.65,2.67,-0.00659,Sad,Happy
2.5,0.401,3.35,4.57,2.64,-0.0155,Sad,Happy
2.4,0.416,3.14,4.34,2.53,-0.0327,Sad,Happy
2.56,0.39,3.14,3.92,2.5,-0.0308,Sad,Happy
2.69,0.372,3.04,3.57,2.52,-0.0207,Sad,Happy
2.62,0.381,3.05,3.47,2.44,-0.0117,Sad,Happy
2.55,0.393,3.16,3.34,2.39,-0.00489,Sad,Happy
2.57,0.39,3.35,3.11,2.27,-0.00211,Sad,Happy
2.49,0.402,3.27,3.01,2.19,-0.0059,Sad,Happy
2.27,0.441,3.25,3.02,2.09,0.000822,Sad,Happy
2.13,0.469,3.19,3.04,2.05,0.0144,Sad,Happy
2.12,0.471,3.15,3.1,1.93,0.0178,Sad,Happy
2.09,0.479,3.19,3.17,1.99,0.0228,Sad,Happy
1.93,0.517,3.19,3.26,2.09,0.0472,Sad,Happy
1.51,0.664,3.18,3.28,2.05,0.108,Sad,Happy
1.16,0.86,3.31,3.14,2.07,0.0545,Sad,Happy
1.2,0.833,3.2,3.24,2.08,0.169,Sad,Happy
1.22,0.818,3.05,3.48,2.08,0.174,Sad,Happy
1.46,0.687,2.9,3.56,2.19,0.0826,Sad,Happy
1.54,0.651,2.99,3.61,2.29,0.0202,Sad,Happy
1.65,0.606,3.03,3.76,2.4,0.00334,Sad,Happy
1.91,0.524,3.12,3.82,2.52,0.0123,Sad,Happy
2.11,0.474,3.2,3.79,2.53,0.00315,Sad,Happy
2.17,0.461,3.17,3.79,2.5,-0.0204,Sad,Happy
2.37,0.422,3.18,3.94,2.49,-0.0521,Sad,Happy
2.64,0.379,3.1,4.08,2.51,-0.0607,Sad,Happy
2.79,0.358,2.97,4.14,2.52,-0.0559,Sad,Happy
2.92,0.342,3.01,4.1,2.5,-0.0423,Sad,Happy
3.02,0.331,2.94,4,2.5,-0.0281,Sad,Happy
3.17,0.315,2.92,3.9,2.4,-0.0178,Sad,Happy
3.35,0.298,2.85,3.78,2.39,-0.0121,Sad,Happy
3.41,0.293,2.95,3.64,2.47,-0.0121,Sad,Happy
3.36,0.297,3.1,3.61,2.51,-0.0149,Sad,Happy
3.34,0.3,3.04,3.73,2.51,-0.015,Sad,Happy
3.3,0.303,3.01,3.74,2.39,-0.0115,Sad,Happy
3.19,0.313,3.08,3.5,2.42,-0.00399,Sad,Happy
3.1,0.323,3.26,3.35,2.45,0.00113,Sad,Happy
3.01,0.332,3.26,3.35,2.58,0.00575,Sad,Happy
2.93,0.341,3.4,3.4,2.62,-0.00127,Sad,Happy
2.89,0.346,3.41,3.45,2.6,-0.0288,Sad,Happy
2.93,0.341,3.37,3.5,2.55,-0.0598,Sad,Happy
3.02,0.331,3.36,3.65,2.35,-0.07,Sad,Happy
3.05,0.328,3.23,3.92,2.23,-0.0737,Sad,Happy
3.21,0.311,3.41,4.09,2.16,-0.0645,Sad,Happy
3.35,0.298,3.4,4.14,2.18,-0.0542,Sad,Happy
3.39,0.295,3.5,4.08,2.15,-0.0477,Sad,Happy
3.39,0.295,3.3,4.03,2.1,-0.0439,Sad,Happy
3.39,0.295,3.26,4.1,2.03,-0.0423,Sad,Happy
3.4,0.294,3.18,4.23,1.62,-0.04,Sad,Happy
3.37,0.297,3.12,4.29,1.67,-0.0371,Sad,Happy
3.19,0.313,3.09,4.32,1.93,-0.0318,Sad,Happy
2.94,0.34,3.12,4.34,1.97,-0.0291,Sad,Happy
2.86,0.35,3.23,4.29,2.18,-0.0406,Sad,Happy
2.76,0.362,3.03,4.23,2.12,-0.0425,Sad,Happy
2.45,0.408,2.82,4.15,2.12,-0.0375,Sad,Happy
4.19,0.239,3.34,4.69,1.89,0.00162,Sad,Calm
4.14,0.241,3.32,4.72,1.96,0.00384,Sad,Calm
3.98,0.251,3.37,4.71,1.85,0.00901,Sad,Calm
3.6,0.278,3.3,4.61,2,0.0236,Sad,Calm
3.17,0.315,3.24,4.18,1.95,0.0347,Sad,Calm
3.05,0.328,3.39,3.58,1.99,0.0246,Sad,Calm
3.02,0.331,3.39,3.5,1.99,0.0229,Sad,Calm
2.88,0.347,3.35,3.54,2.05,0.0257,Sad,Calm
2.87,0.349,3.29,3.75,2.05,0.0148,Sad,Calm
2.91,0.343,3.29,3.87,2.01,0.0143,Sad,Calm
2.85,0.351,3.21,3.87,1.94,0.0123,Sad,Calm
2.68,0.373,3.2,3.81,1.94,0.00347,Sad,Calm
2.7,0.371,3.12,3.8,1.93,0.00275,Sad,Calm
2.71,0.37,3.1,3.85,1.87,-0.00319,Sad,Calm
2.72,0.368,2.99,3.8,1.81,-0.0346,Sad,Calm
2.97,0.337,2.92,3.74,1.65,-0.0214,Sad,Calm
3.16,0.316,2.5,3.71,1.63,0.00571,Sad,Calm
3.27,0.306,2.49,3.84,1.57,0.0094,Sad,Calm
3.27,0.306,2.51,3.81,1.62,0.00778,Sad,Calm
3.17,0.316,2.53,3.64,1.67,0.00845,Sad,Calm
3.2,0.312,2.49,3.8,1.78,0.00326,Sad,Calm
3.31,0.302,2.51,3.99,1.77,-0.00477,Sad,Calm
3.3,0.303,2.62,4.07,1.73,-0.0089,Sad,Calm
3.26,0.307,2.7,4.13,1.7,-0.0149,Sad,Calm
3.28,0.305,2.7,4.16,1.68,-0.0196,Sad,Calm
3.23,0.31,2.84,4.13,1.71,-0.0185,Sad,Calm
3.13,0.32,3.01,4.19,1.67,-0.0359,Sad,Calm
2.91,0.344,3.09,4.34,1.62,-0.0754,Sad,Calm
2.65,0.377,3.09,4.42,1.89,-0.116,Sad,Calm
2.63,0.381,3.06,4.44,1.88,-0.114,Sad,Calm
2.69,0.371,3.06,4.37,1.85,-0.114,Sad,Calm
2.66,0.376,3.08,4.22,1.93,-0.121,Sad,Calm
2.61,0.383,3.05,4.14,2,-0.125,Sad,Calm
2.71,0.369,3.02,4.18,2.01,-0.113,Sad,Calm
2.8,0.357,2.94,4.16,2.08,-0.0875,Sad,Calm
2.8,0.357,2.89,4.16,2.08,-0.0789,Sad,Calm
2.64,0.379,2.83,4.25,2.1,-0.083,Sad,Calm
2.61,0.384,2.72,4.24,2.12,-0.0835,Sad,Calm
2.61,0.383,2.59,3.98,2.11,-0.0757,Sad,Calm
2.66,0.375,2.66,3.74,1.96,-0.0665,Sad,Calm
2.7,0.371,2.66,3.7,2.01,-0.0666,Sad,Calm
2.68,0.372,2.74,3.71,2.01,-0.0694,Sad,Calm
2.59,0.386,2.74,3.8,1.99,-0.0818,Sad,Calm
2.54,0.394,2.71,3.74,1.94,-0.0983,Sad,Calm
2.41,0.414,2.76,3.53,2.09,-0.114,Sad,Calm
2.37,0.423,3.02,3.61,2.08,-0.0943,Sad,Calm
2.44,0.409,3.06,3.87,2.08,-0.0668,Sad,Calm
2.49,0.401,3.2,4.02,2.13,-0.0614,Sad,Calm
2.68,0.373,3.3,4.08,2.15,-0.0637,Sad,Calm
2.76,0.362,3.33,4.18,2.25,-0.0779,Sad,Calm
2.7,0.371,3.35,4.33,2.19,-0.0867,Sad,Calm
2.65,0.377,3.36,4.47,2.22,-0.0843,Sad,Calm
2.58,0.387,3.36,4.51,2.22,-0.0811,Sad,Calm
2.57,0.389,3.4,4.46,2.26,-0.0511,Sad,Calm
2.7,0.371,3.42,4.41,2.09,-0.0306,Sad,Calm
2.69,0.371,3.38,4.47,2.04,-0.0375,Sad,Calm
2.6,0.384,3.2,4.51,2.01,-0.0439,Sad,Calm
2.62,0.382,3.1,4.42,1.97,-0.0559,Sad,Calm
2.59,0.386,3,4.36,1.93,-0.0525,Sad,Calm
2.35,0.426,2.91,4.29,1.82,-0.035,Sad,Calm
2.21,0.453,3.66,4.21,2.91,-0.0107,Sad,Calm
2.27,0.441,3.73,4.17,2.96,0.00157,Sad,Calm
2.5,0.401,3.75,4.1,2.97,0.0112,Sad,Calm
2.5,0.4,3.72,4.07,3,0.00964,Sad,Calm
2.36,0.424,3.7,4.13,3,0.0188,Sad,Calm
2.25,0.445,3.7,4.22,3.03,0.0187,Sad,Calm
2.29,0.437,3.71,4.24,3.04,-0.00794,Sad,Calm
2.48,0.403,3.73,4.18,3.04,-0.0339,Sad,Calm
2.65,0.378,3.69,4.1,3.06,-0.0369,Sad,Calm
2.71,0.369,3.66,4.07,3.05,-0.0366,Sad,Calm
2.72,0.368,3.67,4.12,2.92,-0.0335,Sad,Calm
2.76,0.362,2.73,4.11,2.21,-0.0209,Sad,Calm
2.78,0.36,2.69,4.15,2.18,-0.0203,Sad,Calm
2.8,0.357,2.63,4.32,2.14,-0.0239,Sad,Calm
2.83,0.353,2.71,4.39,2.08,-0.0262,Sad,Calm
3.02,0.331,2.75,4.47,2.16,-0.0238,Sad,Calm
3.34,0.3,3.1,4.57,2.29,-0.0188,Sad,Calm
3.46,0.289,3.04,4.62,2.39,-0.0165,Sad,Calm
3.39,0.295,3.06,4.71,2.42,-0.0146,Sad,Calm
3.35,0.299,3.09,4.83,2.52,-0.0146,Sad,Calm
3.45,0.289,3.17,4.87,2.49,-0.0153,Sad,Calm
3.53,0.283,3.19,4.86,2.52,-0.0179,Sad,Calm
3.51,0.285,3.15,4.84,2.63,-0.0228,Sad,Calm
3.45,0.29,3.14,4.77,2.71,-0.0278,Sad,Calm
3.44,0.291,3.16,4.69,2.73,-0.0285,Sad,Calm
3.44,0.291,3.11,4.67,2.71,-0.0269,Sad,Calm
3.3,0.303,2.93,4.55,2.75,-0.0339,Sad,Calm
2.9,0.345,2.81,4.37,2.6,-0.0491,Sad,Calm
2.68,0.373,2.99,4.3,2.58,-0.0469,Sad,Calm
3.13,0.319,2.97,4.37,2.54,-0.0373,Sad,Calm
3.54,0.282,2.97,4.43,2.67,-0.0463,Sad,Calm
3.61,0.277,3.02,4.4,2.73,-0.0539,Sad,Calm
3.61,0.277,3.04,4.41,2.58,-0.0592,Sad,Calm
3.62,0.276,3.03,4.39,2.58,-0.0575,Sad,Calm
3.62,0.276,3.09,4.31,2.64,-0.0558,Sad,Calm
3.6,0.278,3.08,4.23,2.79,-0.056,Sad,Calm
3.58,0.279,3.16,4.19,2.81,-0.0573,Sad,Calm
3.57,0.28,3.06,4.18,2.79,-0.0576,Sad,Calm
3.59,0.279,3.2,4.21,2.94,-0.0567,Sad,Calm
3.56,0.281,3.28,4.07,3,-0.0625,Sad,Calm
3.26,0.307,3.4,3.43,3.01,-0.074,Sad,Calm
2.8,0.358,3.46,3.33,2.98,-0.0879,Sad,Calm
2.31,0.433,3.47,3.58,3,-0.0693,Sad,Calm
2.37,0.421,3.56,3.71,3.04,-0.0467,Sad,Calm
2.46,0.407,3.56,3.79,3.03,-0.0365,Sad,Calm
2.51,0.399,3.59,3.76,2.92,-0.036,Sad,Calm
2.49,0.401,3.58,3.77,2.75,-0.0396,Sad,Calm
2.61,0.382,3.02,3.71,2.25,-0.0492,Sad,Agressive
3.03,0.33,3.13,3.57,2.23,-0.0306,Sad,Agressive
3.37,0.297,3.3,3.54,2.14,-0.0187,Sad,Agressive
3.51,0.285,3.29,3.49,2.17,-0.0182,Sad,Agressive
3.65,0.274,3.29,3.45,2.2,-0.0172,Sad,Agressive
3.73,0.268,3.26,3.46,2.26,-0.0163,Sad,Agressive
3.75,0.267,3.26,3.5,2.27,-0.0176,Sad,Agressive
3.72,0.269,3.28,3.49,2.29,-0.0171,Sad,Agressive
3.72,0.269,3.37,3.48,2.27,-0.0162,Sad,Agressive
3.74,0.268,3.34,3.57,2.29,-0.011,Sad,Agressive
3.78,0.265,3.28,3.54,2.27,-0.00314,Sad,Agressive
3.73,0.268,3.35,3.51,2.26,-0.00452,Sad,Agressive
3.65,0.274,3.3,3.37,2.25,-0.00937,Sad,Agressive
3.71,0.27,3.22,3.45,2.2,-0.00527,Sad,Agressive
3.72,0.269,3.18,3.8,2.14,-0.000842,Sad,Agressive
3.74,0.268,3.2,4.07,2.07,-0.00169,Sad,Agressive
3.71,0.27,3.24,4.11,1.88,-0.0016,Sad,Agressive
3.81,0.262,3.24,4.11,2.01,0.00436,Sad,Agressive
4,0.25,3.35,4.13,2.18,0.00492,Sad,Agressive
4.09,0.245,3.47,4.2,2.26,0.00249,Sad,Agressive
4.07,0.246,3.43,4.2,2.19,-0.00189,Sad,Agressive
4.01,0.25,3.35,4.16,2.2,-0.00668,Sad,Agressive
3.96,0.253,3.25,4.2,2.18,-0.00508,Sad,Agressive
3.81,0.263,3.17,4.25,2.23,-0.00364,Sad,Agressive
3.71,0.269,3.12,4.16,2.31,-0.00732,Sad,Agressive
3.6,0.278,3.18,3.94,2.49,-0.00803,Sad,Agressive
3.67,0.272,3.22,3.77,2.49,-0.00377,Sad,Agressive
3.72,0.269,3.15,3.72,2.45,-0.00649,Sad,Agressive
3.6,0.277,3.19,3.73,2.43,-0.0105,Sad,Agressive
3.48,0.288,2.88,3.64,2.32,-0.00545,Sad,Agressive
3.48,0.287,2.72,3.43,2.29,0.00128,Sad,Agressive
3.55,0.282,2.78,3.47,2.32,0.000682,Sad,Agressive
3.57,0.28,2.81,3.42,2.34,0.00196,Sad,Agressive
3.57,0.28,2.8,3.3,2.32,0.0038,Sad,Agressive
3.55,0.282,2.81,3.22,2.39,0.00414,Sad,Agressive
3.51,0.285,3.08,2.98,2.19,0.00233,Sad,Agressive
3.45,0.29,3,3,1.99,-0.0038,Sad,Agressive
3.31,0.302,3.11,3.3,2.08,-0.00725,Sad,Agressive
3.21,0.312,3.15,3.73,2.02,-0.0048,Sad,Agressive
3.16,0.316,3.03,3.96,1.92,-0.0187,Sad,Agressive
2.86,0.349,3.15,3.97,2.02,-0.0465,Sad,Agressive
2.55,0.392,3.23,3.93,2.06,-0.067,Sad,Agressive
2.48,0.404,3.19,3.91,2.08,-0.0622,Sad,Agressive
2.76,0.362,3.36,3.93,2.09,-0.0428,Sad,Agressive
3.3,0.303,3.43,3.94,2.04,-0.0377,Sad,Agressive
3.56,0.281,3.42,3.98,2,-0.0352,Sad,Agressive
3.59,0.278,3.31,4.04,2.08,-0.0328,Sad,Agressive
3.52,0.284,3.34,4.03,2.23,-0.032,Sad,Agressive
3.53,0.283,3.41,3.87,2.25,-0.0316,Sad,Agressive
3.63,0.275,3.44,3.35,2.32,-0.0293,Sad,Agressive
3.66,0.273,3.37,2.88,2.44,-0.0283,Sad,Agressive
3.64,0.275,3.37,2.86,2.4,-0.0289,Sad,Agressive
3.62,0.276,3.39,2.94,2.41,-0.0292,Sad,Agressive
3.57,0.28,3.38,3,2.32,-0.0318,Sad,Agressive
3.35,0.299,3.27,3.19,2.31,-0.0376,Sad,Agressive
2.9,0.344,3.24,3.53,2.31,-0.0434,Sad,Agressive
2.49,0.401,3.18,3.62,2.36,-0.0448,Sad,Agressive
2.43,0.411,3.15,3.54,2.24,-0.0555,Sad,Agressive
2.64,0.378,3.04,3.63,2.19,-0.0566,Sad,Agressive
2.76,0.362,2.88,3.61,2.2,-0.055,Sad,Agressive
2.62,0.382,2.81,3.66,2.15,-0.0587,Sad,Agressive
2.57,0.388,2.98,3.79,2.13,-0.0517,Sad,Agressive
2.58,0.388,3.16,3.79,2.11,-0.0487,Sad,Agressive
2.67,0.375,3.15,3.82,2.11,-0.056,Sad,Agressive
2.89,0.346,3.3,3.85,2.11,-0.0495,Sad,Agressive
3.02,0.331,3.36,3.71,2.22,-0.0403,Sad,Agressive
3.06,0.327,3.41,3.44,2.33,-0.0361,Sad,Agressive
3.09,0.323,3.41,3.53,2.25,-0.0306,Sad,Agressive
3.06,0.327,3.43,3.79,2.27,-0.0258,Sad,Agressive
2.98,0.336,3.43,3.9,2.27,-0.022,Sad,Agressive
2.99,0.334,3.4,4.03,2.19,-0.0171,Sad,Agressive
3.11,0.322,3.38,4.02,2.1,-0.015,Sad,Agressive
3.32,0.301,3.36,4.04,2.15,-0.0145,Sad,Agressive
3.55,0.282,3.14,4.24,2.15,-0.0129,Sad,Agressive
3.56,0.281,3.02,4.35,2.2,-0.00803,Sad,Agressive
3.48,0.287,2.87,4.34,2.43,-0.0107,Sad,Agressive
3.49,0.287,3.02,4.34,2.44,-0.0137,Sad,Agressive
3.48,0.288,3.15,4.37,2.37,-0.0166,Sad,Agressive
3.49,0.286,3.12,4.31,2.44,-0.0196,Sad,Agressive
3.56,0.281,3.21,4.21,2.47,-0.0228,Sad,Agressive
3.67,0.272,3.22,4.13,2.46,-0.023,Sad,Agressive
3.74,0.268,3.25,4.08,2.46,-0.0218,Sad,Agressive
3.71,0.269,3.3,4.13,2.46,-0.0228,Sad,Agressive
3.64,0.274,3.34,4.06,2.45,-0.0246,Sad,Agressive
3.56,0.281,3.44,3.84,2.44,-0.0257,Sad,Agressive
3.52,0.284,3.57,3.62,2.37,-0.024,Sad,Agressive
3.55,0.282,3.56,3.74,2.05,-0.022,Sad,Agressive
3.61,0.277,3.59,3.95,2.25,-0.0218,Sad,Agressive
3.64,0.275,3.55,3.92,2.19,-0.0212,Sad,Agressive
3.68,0.272,3.51,4.11,2.14,-0.0191,Sad,Agressive
3.61,0.277,3.5,4.47,2.06,-0.0173,Sad,Agressive
3.41,0.293,3.48,4.7,2.06,-0.0197,Sad,Agressive
3.35,0.299,3.44,4.7,2.11,-0.0259,Sad,Agressive
3.4,0.294,3.3,4.64,2.09,-0.0302,Sad,Agressive
3.29,0.304,3.26,4.64,2.07,-0.0386,Sad,Agressive
3.2,0.312,3.07,4.65,2.06,-0.0483,Sad,Agressive
3.17,0.316,3.05,4.64,2.06,-0.052,Sad,Agressive
3.08,0.325,2.98,4.55,2.02,-0.0573,Sad,Agressive
2.97,0.337,2.83,4.43,1.9,-0.0574,Sad,Agressive
2.91,0.343,2.86,4.39,1.93,-0.0579,Sad,Agressive
2.64,0.378,2.95,4.2,2.2,-0.0728,Sad,Agressive
2.52,0.397,3.14,3.74,2.2,-0.0952,Sad,Agressive
2.57,0.39,3.14,3.41,2.15,-0.0961,Sad,Agressive
2.31,0.433,3.12,3.49,2.09,-0.097,Sad,Agressive
2.05,0.488,3.15,3.61,2.02,-0.0799,Sad,Agressive
2,0.5,3.16,3.64,2.03,-0.079,Sad,Agressive
