alpha,arousal1,betha,theta,gamma,valence1,Stimuli(Visual),Response
2.94,0.34,3.51,4.31,1.32,0.0246,Happy,Happy
3.21,0.311,3.56,4.23,1.3,0.0263,Happy,Happy
3.29,0.304,3.57,4.18,1.39,0.0306,Happy,Happy
3.27,0.305,3.64,4.16,1.41,0.0373,Happy,Happy
3.25,0.307,3.67,3.88,1.43,0.0422,Happy,Happy
3.22,0.311,3.65,3.65,1.46,0.0427,Happy,Happy
3.13,0.319,3.64,3.67,1.55,0.0514,Happy,Happy
3.13,0.32,3.64,3.55,1.64,0.0527,Happy,Happy
3.07,0.326,3.44,3.4,1.66,0.0506,Happy,Happy
3,0.334,3.3,3.32,1.67,0.0487,Happy,Happy
2.97,0.337,2.99,3.43,1.68,0.0767,Happy,Happy
2.89,0.346,2.71,3.58,1.45,0.122,Happy,Happy
2.74,0.365,2.64,3.67,1.47,0.129,Happy,Happy
2.65,0.377,2.62,3.78,1.38,0.115,Happy,Happy
2.77,0.361,2.55,3.79,1.36,0.0911,Happy,Happy
3.01,0.332,2.63,3.92,1.35,0.063,Happy,Happy
3.41,0.293,2.94,3.98,1.33,0.0339,Happy,Happy
3.79,0.264,3.05,4.2,1.19,0.0215,Happy,Happy
3.96,0.253,3.13,4.59,1.22,0.0175,Happy,Happy
4.03,0.248,3.21,4.8,1.19,0.0154,Happy,Happy
4.04,0.247,3.17,4.82,1.17,0.0119,Happy,Happy
4.02,0.249,3.21,4.79,1.3,0.0014,Happy,Happy
4.06,0.246,3.53,4.81,1.46,-0.00699,Happy,Happy
4.21,0.238,3.57,4.84,1.54,-0.0117,Happy,Happy
4.31,0.232,3.59,4.86,1.65,-0.0151,Happy,Happy
4.3,0.233,3.57,4.85,1.63,-0.017,Happy,Happy
4.16,0.24,3.47,4.79,1.66,-0.0193,Happy,Happy
3.98,0.251,3.38,4.73,1.61,-0.0236,Happy,Happy
3.7,0.27,3.36,4.53,1.59,-0.0342,Happy,Happy
3.54,0.282,3.29,4.13,1.79,-0.0357,Happy,Happy
3.53,0.284,3.28,3.72,1.9,-0.0361,Happy,Happy
3.52,0.284,3.29,3.58,1.91,-0.0419,Happy,Happy
3.48,0.287,3.11,3.43,1.85,-0.0429,Happy,Happy
3.26,0.306,2.85,3.43,1.92,-0.0457,Happy,Happy
2.79,0.358,2.91,3.56,1.92,-0.0456,Happy,Happy
2.34,0.427,2.85,3.65,1.94,-0.0258,Happy,Happy
2.27,0.44,2.92,3.66,1.96,-0.0108,Happy,Happy
2.41,0.415,2.92,3.83,2.08,-0.0117,Happy,Happy
2.52,0.397,2.92,4.16,2.1,-0.0168,Happy,Happy
2.5,0.4,3.07,4.38,2.09,-0.0404,Happy,Happy
2.47,0.405,3.11,4.53,1.99,-0.0283,Happy,Happy
2.64,0.379,3.15,4.64,1.91,0.0393,Happy,Happy
2.74,0.365,3.13,4.65,2.03,0.0771,Happy,Happy
2.72,0.368,3.11,4.63,1.97,0.0762,Happy,Happy
2.73,0.366,2.9,4.56,1.88,0.0539,Happy,Happy
2.72,0.368,2.81,4.45,1.81,0.0446,Happy,Happy
2.7,0.37,2.76,4.44,1.78,0.0446,Happy,Happy
2.67,0.375,2.67,4.58,1.71,0.0426,Happy,Happy
2.66,0.376,2.71,4.61,1.55,0.038,Happy,Happy
2.65,0.378,2.73,4.45,1.53,0.0367,Happy,Happy
2.62,0.382,2.5,4.23,1.49,0.0279,Happy,Happy
2.53,0.396,2.45,4,1.46,0.002,Happy,Happy
2.28,0.438,2.4,3.85,1.47,-0.0675,Happy,Happy
2.05,0.488,2.51,3.79,1.41,-0.155,Happy,Happy
2.05,0.488,2.74,3.8,1.47,-0.133,Happy,Happy
2.23,0.448,2.8,3.9,1.46,-0.0715,Happy,Happy
2.43,0.411,2.95,3.95,1.41,-0.024,Happy,Happy
2.65,0.378,2.98,3.88,1.44,-0.00767,Happy,Happy
2.8,0.357,3,3.61,1.43,0.00904,Happy,Happy
2.79,0.358,3.02,3.44,1.38,0.0152,Happy,Happy
2.74,0.365,2.91,3.49,1.37,0.0231,Happy,Happy
2.72,0.367,2.88,3.55,1.35,0.0318,Happy,Happy
2.73,0.367,2.92,3.56,1.49,0.0274,Happy,Happy
2.73,0.367,2.98,3.55,1.44,0.0195,Happy,Happy
2.7,0.37,2.89,3.55,1.34,0.0229,Happy,Happy
2.72,0.367,2.92,3.46,1.42,0.0259,Happy,Happy
2.88,0.347,2.9,3.27,1.42,0.00226,Happy,Happy
2.9,0.344,2.78,3.3,1.41,-0.0122,Happy,Happy
2.71,0.369,2.66,3.28,1.36,-0.0298,Happy,Happy
2.65,0.377,2.58,3.15,1.37,-0.0509,Happy,Happy
2.77,0.361,2.66,2.99,1.39,-0.0477,Happy,Happy
2.81,0.355,2.73,3.15,1.45,-0.0501,Happy,Happy
2.86,0.349,2.71,3.46,1.47,-0.0482,Happy,Happy
2.95,0.339,2.61,3.72,1.58,-0.0462,Happy,Happy
3.02,0.332,2.44,3.93,1.51,-0.0453,Happy,Happy
3.06,0.327,2.33,4.04,1.48,-0.0391,Happy,Happy
2.96,0.338,2.17,4.1,1.47,-0.0344,Happy,Happy
2.7,0.371,2.28,4.02,1.45,-0.0433,Happy,Happy
2.7,0.371,2.29,3.96,1.48,-0.0609,Happy,Happy
2.78,0.359,2.33,4.01,1.47,-0.0523,Happy,Happy
2.72,0.367,2.33,4.11,1.44,-0.0437,Happy,Happy
2.58,0.387,2.14,4.14,1.42,-0.0476,Happy,Happy
2.56,0.39,2.31,4.03,1.38,-0.0579,Happy,Happy
2.61,0.383,2.45,4.07,1.18,-0.0555,Happy,Happy
2.67,0.375,2.51,4.13,1.09,-0.0328,Happy,Happy
2.76,0.363,2.54,4.06,1.09,-0.0194,Happy,Happy
2.87,0.349,2.5,3.97,1.11,-0.0378,Happy,Happy
2.88,0.348,2.55,3.89,1.22,-0.0369,Happy,Happy
3.07,0.326,2.56,3.87,1.26,0.0158,Happy,Happy
3.23,0.31,2.54,3.83,1.27,0.0441,Happy,Happy
3.23,0.31,2.57,3.76,1.28,0.052,Happy,Happy
3.22,0.311,2.52,3.64,1.29,0.0551,Happy,Happy
3.28,0.305,2.57,3.54,1.28,0.0628,Happy,Happy
3.28,0.305,2.57,3.79,1.35,0.0715,Happy,Happy
3.29,0.304,2.58,3.97,1.3,0.0836,Happy,Happy
3.41,0.293,2.51,4.16,1.29,0.085,Happy,Happy
3.37,0.296,2.54,4.42,1.4,0.102,Happy,Happy
3.39,0.295,2.55,4.61,1.32,0.106,Happy,Happy
3.4,0.294,2.51,4.66,1.37,0.0867,Happy,Happy
3.23,0.31,2.53,4.69,1.37,0.0792,Happy,Happy
3.06,0.327,2.65,4.72,1.41,0.0764,Happy,Happy
3.02,0.331,2.74,4.72,1.42,0.07,Happy,Happy
3.04,0.329,2.71,4.72,1.41,0.0556,Happy,Happy
3.03,0.33,2.67,4.68,1.41,0.0368,Happy,Happy
2.95,0.339,2.65,4.45,1.4,0.0314,Happy,Happy
2.78,0.359,2.74,4.35,1.44,0.0244,Happy,Happy
2.37,0.422,2.93,4.33,1.46,-0.0486,Calm,Calm
2.43,0.411,2.57,4.12,1.35,-0.0588,Calm,Calm
2.49,0.401,2.65,3.9,1.4,-0.08,Calm,Calm
2.58,0.388,2.64,4.13,1.42,-0.112,Calm,Calm
2.73,0.367,2.58,4.3,1.42,-0.112,Calm,Calm
3.03,0.331,2.55,4.14,1.41,-0.105,Calm,Calm
3.17,0.316,2.53,4.11,1.49,-0.0986,Calm,Calm
3.29,0.304,2.46,4.22,1.57,-0.0699,Calm,Calm
3.28,0.305,2.63,4.23,1.55,-0.0639,Calm,Calm
3.23,0.309,3.11,4.46,1.53,-0.065,Calm,Calm
3.26,0.307,3.09,4.81,1.6,-0.0507,Calm,Calm
3.38,0.296,3.19,5.06,1.6,-0.0252,Calm,Calm
3.37,0.297,3.22,5.22,1.53,-0.0118,Calm,Calm
3.32,0.301,3.35,5.34,1.52,-0.0118,Calm,Calm
3.27,0.306,3.44,5.35,1.67,-0.00953,Calm,Calm
3.1,0.323,3.52,5.33,1.99,0.00275,Calm,Calm
3.1,0.322,3.69,5.47,1.98,0.0419,Calm,Calm
3.59,0.279,3.75,5.72,1.89,0.06,Calm,Calm
3.93,0.254,3.82,5.79,1.97,0.046,Calm,Calm
4.24,0.236,3.68,5.79,1.93,0.0279,Calm,Calm
4.46,0.224,3.59,5.75,1.97,0.0196,Calm,Calm
4.59,0.218,3.54,5.65,1.92,0.0171,Calm,Calm
4.62,0.216,3.51,5.51,1.92,0.0182,Calm,Calm
4.63,0.216,3.46,5.37,1.94,0.0175,Calm,Calm
4.65,0.215,3.34,5.27,2,0.0164,Calm,Calm
4.65,0.215,3.31,5.21,1.76,0.0163,Calm,Calm
4.65,0.215,3.25,5.11,1.82,0.0157,Calm,Calm
4.58,0.218,3.01,4.76,2,0.0122,Calm,Calm
4.39,0.228,2.87,4.08,2.05,0.00691,Calm,Calm
4.09,0.244,2.67,3.74,1.99,0.00362,Calm,Calm
3.85,0.26,2.65,3.68,2.07,0.0107,Calm,Calm
3.22,0.31,2.62,3.39,2.08,0.033,Calm,Calm
2.43,0.411,2.98,3.16,2.18,0.0295,Calm,Calm
2.4,0.417,3.08,2.97,2.23,0.00713,Calm,Calm
2.56,0.39,3.05,2.91,2.26,0.0209,Calm,Calm
2.78,0.36,3.03,3.01,2.25,0.0533,Calm,Calm
2.94,0.34,3.06,3.04,2.28,0.0567,Calm,Calm
3.03,0.33,3.06,3.04,2.06,0.0581,Calm,Calm
3.08,0.324,3.05,2.98,1.96,0.0603,Calm,Calm
3.05,0.328,2.98,2.88,1.96,0.0592,Calm,Calm
3,0.333,2.99,2.73,1.94,0.0526,Calm,Calm
3.02,0.331,2.99,2.61,1.87,0.0476,Calm,Calm
3.07,0.326,2.85,2.64,1.89,0.0523,Calm,Calm
3.07,0.326,2.56,2.66,1.87,0.0551,Calm,Calm
3.03,0.33,2.58,2.78,1.8,0.067,Calm,Calm
2.93,0.342,2.62,2.82,1.78,0.0826,Calm,Calm
2.84,0.352,2.57,2.69,1.75,0.0679,Calm,Calm
2.95,0.339,2.43,2.9,1.77,0.0308,Calm,Calm
2.92,0.342,2.43,2.97,1.81,0.0135,Calm,Calm
2.92,0.343,2.47,3.1,1.83,0.0178,Calm,Calm
3.04,0.329,2.48,3.15,1.72,0.0205,Calm,Calm
3.08,0.325,2.55,3.1,1.77,0.0208,Calm,Calm
3.03,0.33,2.59,3.1,1.74,0.0161,Calm,Calm
3.05,0.328,2.68,3.07,1.6,0.00928,Calm,Calm
3.08,0.325,2.65,3.11,1.7,0.00678,Calm,Calm
3.08,0.324,2.58,3.2,1.79,-0.000939,Calm,Calm
3.04,0.329,2.56,3.24,1.8,-0.00309,Calm,Calm
2.97,0.336,2.68,3.1,1.77,0.00346,Calm,Calm
2.92,0.342,2.59,3.01,1.75,0.0133,Calm,Calm
2.86,0.349,2.61,3.01,1.73,0.0213,Calm,Calm
2.75,0.363,2.86,3.07,1.86,0.0209,Calm,Calm
2.67,0.375,2.88,3.37,1.83,0.00449,Calm,Calm
2.78,0.359,2.86,3.41,1.8,0.00278,Calm,Calm
2.82,0.355,2.72,3.44,1.81,0.00807,Calm,Calm
2.76,0.363,2.69,3.6,1.71,0.000677,Calm,Calm
2.78,0.359,2.8,3.55,1.62,-0.0008,Calm,Calm
2.74,0.365,2.89,3.45,1.54,-0.00243,Calm,Calm
2.55,0.392,2.99,3.45,1.54,-0.00379,Calm,Calm
2.62,0.381,3.02,3.44,1.57,-0.0209,Calm,Calm
3.01,0.332,3.1,3.39,1.61,-0.024,Calm,Calm
3.3,0.303,3.1,3.32,1.38,-0.0172,Calm,Calm
3.39,0.295,2.98,3.09,1.4,-0.0103,Calm,Calm
3.38,0.296,3,2.93,1.6,-0.00467,Calm,Calm
3.44,0.291,2.99,3.55,1.61,-0.000847,Calm,Calm
3.54,0.283,3.03,4.02,1.6,-0.000221,Calm,Calm
3.6,0.278,2.94,4.16,1.56,-0.00154,Calm,Calm
3.58,0.279,2.92,4.25,1.63,-0.00206,Calm,Calm
3.61,0.277,2.82,4.27,1.68,-0.00407,Calm,Calm
3.71,0.27,2.78,4.28,1.77,-0.00269,Calm,Calm
3.68,0.272,2.68,4.28,1.78,0.00336,Calm,Calm
3.5,0.285,2.8,4.28,1.75,0.0121,Calm,Calm
3.35,0.298,2.76,4.31,1.8,0.0178,Calm,Calm
3.29,0.304,2.66,4.32,1.84,0.0154,Calm,Calm
3.2,0.312,2.68,4.28,1.73,0.0123,Calm,Calm
3.1,0.323,2.84,3.93,1.75,0.0111,Calm,Calm
2.98,0.335,2.92,3.48,1.77,0.0164,Calm,Calm
2.88,0.347,2.98,3.08,1.78,0.0236,Calm,Calm
2.99,0.334,3,2.79,1.74,0.0113,Calm,Calm
3.2,0.312,3.05,3.01,1.62,-0.0184,Calm,Calm
3.36,0.297,2.98,3.07,1.59,-0.0432,Calm,Calm
3.44,0.291,2.87,3.29,1.5,-0.0624,Calm,Calm
3.47,0.288,2.83,3.52,1.58,-0.0746,Calm,Calm
3.49,0.286,2.85,3.57,1.53,-0.0658,Calm,Calm
3.52,0.284,2.93,3.55,1.51,-0.0562,Calm,Calm
3.51,0.285,2.96,3.61,1.52,-0.0569,Calm,Calm
3.52,0.284,2.81,3.65,1.56,-0.0493,Calm,Calm
3.59,0.279,2.68,3.61,1.67,-0.0351,Calm,Calm
3.6,0.278,2.62,3.63,1.7,-0.0252,Calm,Calm
3.52,0.284,2.46,3.6,1.75,-0.0126,Calm,Calm
3.31,0.302,2.45,3.54,1.73,0.0112,Calm,Calm
2.94,0.34,2.46,3.56,1.79,0.0761,Calm,Calm
2.77,0.361,2.53,3.51,1.81,0.199,Calm,Calm
2.68,0.373,2.55,3.35,1.8,0.348,Calm,Calm
2.61,0.383,2.55,3.27,1.74,0.373,Calm,Calm
2.69,0.372,2.58,3.19,1.65,0.214,Calm,Calm
2.86,0.35,2.59,3.08,1.58,0.118,Calm,Calm
3,0.333,2.61,3.2,1.56,0.0537,Calm,Calm
3.37,0.297,2.84,4.98,2.16,0.0113,Sad,Agressive
3.29,0.304,2.83,4.99,2.07,0.0195,Sad,Agressive
3.3,0.303,2.86,4.99,2.01,0.0289,Sad,Agressive
3.38,0.296,2.9,5.04,1.99,0.0387,Sad,Agressive
3.39,0.295,2.91,5.34,1.97,0.0481,Sad,Agressive
3.38,0.296,2.84,5.63,1.72,0.0537,Sad,Agressive
3.32,0.301,2.75,5.7,1.73,0.0506,Sad,Agressive
3.08,0.325,2.62,5.58,1.87,0.0592,Sad,Agressive
2.84,0.352,2.31,5.41,1.72,0.0793,Sad,Agressive
2.78,0.36,2.37,5.4,1.65,0.093,Sad,Agressive
2.71,0.369,2.33,5.53,1.53,0.105,Sad,Agressive
2.81,0.356,2.27,5.75,1.54,0.1,Sad,Agressive
2.87,0.349,2.44,5.96,1.54,0.0818,Sad,Agressive
2.76,0.362,2.61,6.07,1.6,0.0678,Sad,Agressive
2.54,0.393,2.62,6.02,1.63,0.0527,Sad,Agressive
2.28,0.439,2.86,5.84,1.69,0.0263,Sad,Agressive
2.48,0.404,2.93,5.7,1.65,0.00841,Sad,Agressive
2.93,0.341,2.95,5.66,1.61,-0.00239,Sad,Agressive
3.2,0.313,3.04,5.7,1.44,-0.0142,Sad,Agressive
3.3,0.303,3.04,5.69,1.53,-0.0212,Sad,Agressive
3.36,0.298,3.12,5.63,1.59,-0.0214,Sad,Agressive
3.4,0.295,3.11,5.43,1.61,-0.018,Sad,Agressive
3.43,0.292,3.11,5.11,1.6,-0.0176,Sad,Agressive
3.47,0.288,3.03,4.73,1.5,-0.0165,Sad,Agressive
3.49,0.287,2.95,4.38,1.48,-0.0186,Sad,Agressive
3.52,0.284,2.85,4.19,1.47,-0.0103,Sad,Agressive
3.56,0.281,2.75,4.13,1.43,0.00256,Sad,Agressive
3.41,0.293,2.81,4.05,1.48,0.0111,Sad,Agressive
3.14,0.318,2.77,3.58,1.48,0.0252,Sad,Agressive
3,0.333,2.77,2.97,1.5,0.0452,Sad,Agressive
2.89,0.346,2.76,2.66,1.44,0.053,Sad,Agressive
2.9,0.345,2.67,2.5,1.43,0.0461,Sad,Agressive
2.85,0.351,2.76,2.3,1.5,0.0503,Sad,Agressive
2.72,0.368,2.83,2.24,1.68,0.0644,Sad,Agressive
2.73,0.366,2.91,2.32,1.7,0.0806,Sad,Agressive
2.77,0.361,2.88,2.36,1.74,0.0893,Sad,Agressive
2.72,0.368,2.83,2.36,1.73,0.0563,Sad,Agressive
2.68,0.373,2.71,2.22,1.84,0.00737,Sad,Agressive
2.75,0.364,2.64,2.36,1.88,-0.0194,Sad,Agressive
2.78,0.36,2.63,2.63,2.08,-0.0273,Sad,Agressive
2.73,0.366,2.68,2.71,2.2,-0.0259,Sad,Agressive
2.66,0.376,2.73,2.7,2.21,-0.0261,Sad,Agressive
2.65,0.377,2.84,2.75,2.32,-0.0276,Sad,Agressive
2.62,0.382,2.93,3.01,2.36,-0.0387,Sad,Agressive
2.51,0.398,2.87,3.21,2.36,-0.0753,Sad,Agressive
2.66,0.376,2.88,3.16,2.38,-0.0911,Sad,Agressive
3.02,0.331,2.88,3.13,2.4,-0.0577,Sad,Agressive
3.26,0.307,2.91,3.14,2.39,-0.0353,Sad,Agressive
3.28,0.305,2.84,3.26,2.34,-0.0269,Sad,Agressive
3.26,0.307,3.13,3.33,2.36,-0.0191,Sad,Agressive
3.24,0.309,3.08,3.42,2.3,-0.0189,Sad,Agressive
3.23,0.309,3.1,3.62,2.2,-0.0226,Sad,Agressive
3.23,0.31,3.11,3.7,2.26,-0.0234,Sad,Agressive
3.23,0.31,2.94,3.65,2.12,-0.0244,Sad,Agressive
3.28,0.305,2.91,3.51,2.1,-0.0174,Sad,Agressive
3.29,0.304,2.93,3.47,2.22,-0.00889,Sad,Agressive
3.12,0.32,2.94,3.53,2.39,-0.0112,Sad,Agressive
2.72,0.367,2.92,3.6,2.4,-0.0365,Sad,Agressive
2.48,0.403,2.94,3.58,2.41,-0.0521,Sad,Agressive
2.4,0.416,2.9,3.43,2.37,-0.0446,Sad,Agressive
2.37,0.422,2.47,3.32,2.34,-0.0481,Sad,Agressive
2.43,0.412,2.47,3.08,2.23,-0.0616,Sad,Agressive
2.54,0.394,2.47,2.7,2.27,-0.0703,Sad,Agressive
2.66,0.376,2.35,2.72,2.25,-0.0765,Sad,Agressive
2.7,0.371,2.34,2.88,2.25,-0.0866,Sad,Agressive
2.66,0.376,2.39,3.03,2.11,-0.0974,Sad,Agressive
2.56,0.391,2.19,3.1,1.96,-0.0941,Sad,Agressive
2.47,0.405,2.07,3.04,1.67,-0.0668,Sad,Agressive
2.55,0.392,2.06,3.07,1.63,-0.0366,Sad,Agressive
2.67,0.374,2.03,3.13,1.77,-0.0289,Sad,Agressive
2.73,0.366,2.2,3.15,1.8,-0.0243,Sad,Agressive
2.74,0.366,2.37,3.19,1.9,-0.00474,Sad,Agressive
2.7,0.37,2.32,3.37,1.92,0.0288,Sad,Agressive
2.73,0.366,2.36,3.46,1.88,0.0652,Sad,Agressive
2.69,0.371,2.57,3.43,1.87,0.102,Sad,Agressive
2.58,0.388,2.86,3.37,1.84,0.167,Sad,Agressive
2.57,0.389,2.85,3.26,1.85,0.182,Sad,Agressive
2.59,0.385,2.95,3.23,1.89,0.183,Sad,Agressive
2.68,0.373,2.94,3.17,1.9,0.119,Sad,Agressive
2.82,0.355,3.14,3.06,1.96,0.0506,Sad,Agressive
3,0.333,3.15,3.21,1.89,0.0114,Sad,Agressive
3.14,0.318,3.2,3.5,1.86,-0.0101,Sad,Agressive
3.17,0.315,3.23,3.58,1.73,-0.0219,Sad,Agressive
3.17,0.315,3.25,3.42,1.66,-0.0224,Sad,Agressive
3.15,0.318,3.28,3.34,1.68,-0.0191,Sad,Agressive
3.18,0.315,3.2,3.44,1.67,-0.0176,Sad,Agressive
3.3,0.303,3.1,3.54,1.68,-0.0158,Sad,Agressive
3.32,0.301,3.27,3.52,1.72,-0.0185,Sad,Agressive
3.32,0.301,3.36,3.53,1.59,-0.0166,Sad,Agressive
3.28,0.305,3.34,3.85,1.55,-0.00888,Sad,Agressive
3.18,0.315,3.21,4.22,1.42,-0.00213,Sad,Agressive
3.1,0.323,3.22,4.24,1.39,0.00933,Sad,Agressive
3.05,0.327,3.12,4.12,1.43,0.024,Sad,Agressive
3,0.334,3.09,4.12,1.42,0.0397,Sad,Agressive
3,0.333,3.08,4.21,1.55,0.0307,Sad,Agressive
3.04,0.328,3.01,4.25,1.53,0.000525,Sad,Agressive
2.95,0.339,2.99,4.23,1.6,-0.0263,Sad,Agressive
2.77,0.361,2.84,4.23,1.63,-0.0465,Sad,Agressive
2.74,0.365,2.69,4.23,1.69,-0.047,Sad,Agressive
2.66,0.376,2.53,4.15,1.74,-0.0684,Sad,Agressive
2.57,0.389,2.58,3.74,1.73,-0.0987,Sad,Agressive
2.46,0.406,2.57,3.29,1.7,-0.121,Sad,Agressive
2.24,0.447,2.53,3.28,1.77,-0.17,Sad,Agressive
2.25,0.445,2.58,3.25,1.7,-0.179,Sad,Agressive
2.24,0.446,2.53,3.24,1.66,-0.178,Sad,Agressive
2.13,0.469,2.48,3.82,1.56,-0.153,Sad,Agressive
3.19,0.313,3.21,4.25,2.03,-0.00667,Sad,Sad
3.21,0.311,3.27,4.26,2.03,-0.00338,Sad,Sad
3.29,0.304,3.47,4.46,2.01,0.00298,Sad,Sad
3.45,0.29,3.39,5.05,2.01,0.00531,Sad,Sad
3.76,0.266,3.37,5.54,2,0.00433,Sad,Sad
3.86,0.259,3.36,5.66,1.9,0.00294,Sad,Sad
3.82,0.262,3.36,5.59,1.62,0.00731,Sad,Sad
3.74,0.267,3.29,5.55,1.58,0.0129,Sad,Sad
3.73,0.268,3.2,5.55,1.48,0.0143,Sad,Sad
3.7,0.27,3.33,5.56,1.39,0.0171,Sad,Sad
3.64,0.275,3.39,5.58,1.42,0.0152,Sad,Sad
3.64,0.275,3.34,5.62,1.35,0.0137,Sad,Sad
3.67,0.272,3.2,5.64,1.34,0.012,Sad,Sad
3.61,0.277,3,5.53,1.23,0.00723,Sad,Sad
3.35,0.299,3.01,5.1,1.21,0.00242,Sad,Sad
2.9,0.345,3.05,4.46,1.2,0.0014,Sad,Sad
2.66,0.376,3.61,4.25,1.19,0.00934,Sad,Sad
3.18,0.315,3.68,4.29,1.18,0.00893,Sad,Sad
3.57,0.28,3.78,4.3,1.33,0.0106,Sad,Sad
3.72,0.269,3.73,4.43,1.34,0.0178,Sad,Sad
3.73,0.268,3.66,4.47,1.25,0.0187,Sad,Sad
3.93,0.254,3.62,4.42,1.23,0.0119,Sad,Sad
4.03,0.248,3.63,4.29,1.37,0.00853,Sad,Sad
3.99,0.251,3.65,4.43,1.55,0.00961,Sad,Sad
3.97,0.252,3.66,4.6,1.64,0.00932,Sad,Sad
3.98,0.251,3.72,4.61,1.83,0.008,Sad,Sad
3.97,0.252,3.66,4.65,1.84,0.0066,Sad,Sad
3.93,0.255,3.27,4.95,1.84,0.00817,Sad,Sad
3.72,0.269,3.17,5.4,1.78,0.0146,Sad,Sad
3.34,0.299,3.02,5.6,2.01,0.0144,Sad,Sad
3.33,0.3,3.03,5.62,2.14,-0.00066,Sad,Sad
3.21,0.311,3.05,5.62,2.19,-0.00146,Sad,Sad
2.88,0.348,3.07,5.62,2.17,0.000053,Sad,Sad
2.85,0.351,3.08,5.59,2.13,-0.0114,Sad,Sad
2.98,0.335,3.04,5.52,2.13,-0.00981,Sad,Sad
3.02,0.332,3.01,5.45,2.08,-0.01,Sad,Sad
3.02,0.331,2.95,5.47,1.99,-0.0122,Sad,Sad
3.02,0.331,2.75,5.43,2.01,-0.0139,Sad,Sad
2.92,0.342,2.76,5.06,2.05,-0.0324,Sad,Sad
2.88,0.348,2.83,4.34,1.96,-0.079,Sad,Sad
2.93,0.341,2.77,3.94,1.7,-0.0777,Sad,Sad
2.85,0.351,2.59,3.9,1.48,-0.0823,Sad,Sad
2.88,0.348,2.45,3.78,1.57,-0.0962,Sad,Sad
2.83,0.354,2.56,3.82,1.57,-0.098,Sad,Sad
2.61,0.383,2.52,3.89,1.46,-0.121,Sad,Sad
2.37,0.423,2.52,3.94,1.42,-0.167,Sad,Sad
2.34,0.428,2.36,3.94,1.38,-0.151,Sad,Sad
2.39,0.418,2.58,3.78,1.26,-0.117,Sad,Sad
2.37,0.421,2.7,3.6,1.32,-0.108,Sad,Sad
2.39,0.418,2.62,3.61,1.33,-0.0961,Sad,Sad
2.45,0.408,2.6,3.59,1.47,-0.106,Sad,Sad
2.54,0.394,2.59,3.48,1.51,-0.118,Sad,Sad
2.59,0.386,2.76,3.42,1.74,-0.0986,Sad,Sad
2.49,0.402,2.79,3.42,1.71,-0.0842,Sad,Sad
2.4,0.417,2.86,3.41,1.78,-0.084,Sad,Sad
2.61,0.384,2.96,3.54,1.89,-0.0502,Sad,Sad
2.77,0.361,3.2,3.98,1.95,-0.0146,Sad,Sad
2.75,0.364,3.12,4.47,1.93,-0.00698,Sad,Sad
2.73,0.367,3.14,4.75,1.96,-0.00117,Sad,Sad
2.7,0.371,3.11,4.86,2.01,0.000323,Sad,Sad
2.64,0.379,3.29,5.04,2.3,0.0114,Sad,Sad
2.62,0.381,3.64,5.33,2.35,0.0297,Sad,Sad
2.89,0.346,3.69,5.71,2.41,0.0397,Sad,Sad
3.34,0.299,3.64,5.92,2.41,0.0425,Sad,Sad
3.58,0.28,3.64,5.96,2.38,0.0383,Sad,Sad
3.58,0.28,3.6,5.96,2.45,0.0369,Sad,Sad
3.49,0.287,3.47,5.91,2.35,0.0373,Sad,Sad
3.45,0.29,3.42,5.82,2.37,0.032,Sad,Sad
3.45,0.29,3.42,5.72,2.38,0.0256,Sad,Sad
3.45,0.29,3.37,5.69,2.41,0.0264,Sad,Sad
3.5,0.285,3.4,5.68,2.29,0.0299,Sad,Sad
3.57,0.28,3.17,5.6,2.07,0.0293,Sad,Sad
3.64,0.275,3.07,5.36,1.86,0.0232,Sad,Sad
3.46,0.289,2.98,4.76,1.97,0.0194,Sad,Sad
2.99,0.334,3.21,3.92,1.92,0.00793,Sad,Sad
2.95,0.339,3.23,3.58,1.9,0.0091,Sad,Sad
3.26,0.307,3.3,3.71,2.12,0.0169,Sad,Sad
3.4,0.294,3.34,3.88,2.19,0.0192,Sad,Sad
3.39,0.295,3.37,3.94,2.21,0.0214,Sad,Sad
3.48,0.288,3.35,3.9,2.22,0.0112,Sad,Sad
3.54,0.283,3.44,3.96,2.46,-0.00285,Sad,Sad
3.53,0.283,3.36,4.1,2.6,-0.013,Sad,Sad
3.44,0.29,3.28,4.18,2.62,-0.012,Sad,Sad
3.31,0.302,3.18,4.25,2.68,-0.00785,Sad,Sad
3.27,0.306,3.3,4.32,2.64,-0.00657,Sad,Sad
3.28,0.305,3.09,4.36,2.6,-0.00742,Sad,Sad
3.2,0.313,3.1,4.42,2.53,-0.0202,Sad,Sad
2.95,0.339,3.07,4.36,2.47,-0.0504,Sad,Sad
2.86,0.35,3.02,4.28,2.43,-0.0653,Sad,Sad
2.85,0.351,2.95,4.27,2.41,-0.0462,Sad,Sad
2.78,0.359,3.01,4.3,2.39,-0.023,Sad,Sad
2.6,0.384,2.92,4.26,1.98,0.0132,Sad,Sad
2.56,0.391,2.91,4.1,1.91,0.0399,Sad,Sad
2.65,0.378,2.92,3.91,1.82,0.0421,Sad,Sad
2.71,0.369,2.93,3.72,1.64,0.0519,Sad,Sad
2.7,0.37,2.77,3.69,1.59,0.0611,Sad,Sad
2.53,0.395,2.74,3.62,1.56,0.0831,Sad,Sad
2.41,0.416,2.68,3.45,1.51,0.128,Sad,Sad
2.39,0.418,2.68,3.38,1.63,0.137,Sad,Sad
2.39,0.419,2.71,3.38,1.63,0.134,Sad,Sad
2.31,0.434,2.71,3.29,1.69,0.139,Sad,Sad
2.18,0.459,2.74,2.91,1.7,0.165,Sad,Sad
2.27,0.441,2.67,2.76,1.75,0.139,Sad,Sad
2.4,0.417,2.65,3.13,1.77,0.0952,Sad,Sad
2.21,0.453,2.61,3.31,1.8,0.0875,Sad,Sad
2.06,0.485,2.58,3.29,1.79,0.0611,Sad,Sad
2.08,0.481,2.54,3.25,1.89,0.0522,Sad,Sad
3.04,0.329,2.85,4.2,1.84,0.0542,Agressive,Sad
3,0.333,2.71,4,1.85,0.0434,Agressive,Sad
2.76,0.362,2.61,3.92,1.77,0.0346,Agressive,Sad
2.45,0.409,2.27,4,1.69,0.055,Agressive,Sad
2.45,0.408,2.27,3.85,1.63,0.0638,Agressive,Sad
2.45,0.408,2.24,3.7,1.59,0.0633,Agressive,Sad
2.36,0.423,2.4,3.62,1.5,0.0589,Agressive,Sad
2.29,0.436,2.55,3.38,1.43,0.0386,Agressive,Sad
2.56,0.391,2.52,3.25,1.34,-0.0331,Agressive,Sad
2.76,0.362,2.51,3.28,1.4,-0.0777,Agressive,Sad
2.82,0.355,2.54,3.32,1.21,-0.087,Agressive,Sad
2.83,0.353,2.6,3.43,1.11,-0.0909,Agressive,Sad
2.86,0.35,2.62,3.47,1.2,-0.0924,Agressive,Sad
2.92,0.342,2.64,3.4,1.33,-0.103,Agressive,Sad
2.97,0.336,2.84,3.32,1.33,-0.0909,Agressive,Sad
3.01,0.333,2.8,3.29,1.38,-0.0732,Agressive,Sad
3.17,0.315,2.91,3.26,1.52,-0.0582,Agressive,Sad
3.54,0.282,2.8,3.55,1.52,-0.0359,Agressive,Sad
3.72,0.269,2.78,3.77,1.63,-0.0225,Agressive,Sad
3.65,0.274,2.72,3.79,1.6,-0.00967,Agressive,Sad
3.6,0.278,2.76,3.72,1.5,-0.00408,Agressive,Sad
3.64,0.275,2.85,3.68,1.59,-0.0067,Agressive,Sad
3.74,0.268,2.86,3.71,1.62,-0.00591,Agressive,Sad
3.79,0.264,2.86,3.65,1.71,-0.000153,Agressive,Sad
3.74,0.268,3.19,3.62,2.86,0.00396,Agressive,Sad
3.77,0.265,3.69,4.1,3.32,0.00356,Agressive,Sad
4.04,0.248,3.99,5.04,3.56,-0.000391,Agressive,Sad
4.14,0.242,4.16,5.49,3.87,-0.00413,Agressive,Sad
4.04,0.247,4.43,5.49,4.03,-0.00528,Agressive,Sad
4,0.25,4.62,5.6,4.16,-0.00892,Agressive,Sad
4.24,0.236,4.67,5.85,4.25,-0.00837,Agressive,Sad
4.62,0.216,4.68,6.02,4.28,-0.0028,Agressive,Sad
4.9,0.204,4.67,6.07,4.28,-0.000612,Agressive,Sad
5.03,0.199,4.68,6.07,4.29,-0.00265,Agressive,Sad
5.09,0.196,4.68,6.07,4.29,-0.00562,Agressive,Sad
5.17,0.193,4.49,6.08,4.02,-0.00692,Agressive,Sad
5.18,0.193,4.39,6.05,3.94,-0.00685,Agressive,Sad
5.09,0.196,4.26,5.83,3.7,-0.00709,Agressive,Sad
5.03,0.199,4.05,5.55,3.22,-0.00607,Agressive,Sad
5.07,0.197,3.68,5.54,3.11,-0.00511,Agressive,Sad
5.07,0.197,3.36,5.42,2.47,-0.00484,Agressive,Sad
4.94,0.202,3.22,5.36,2.26,-0.00515,Agressive,Sad
4.74,0.211,3.21,5.58,2.07,-0.0043,Agressive,Sad
4.57,0.219,3.15,5.8,1.98,-0.00285,Agressive,Sad
4.4,0.227,3.1,5.84,1.99,0.00369,Agressive,Sad
4.16,0.24,3.16,5.85,2.03,0.017,Agressive,Sad
4.03,0.248,3.2,5.83,2.07,0.0205,Agressive,Sad
4.02,0.249,2.91,5.78,2.04,0.0195,Agressive,Sad
4.07,0.246,3.01,5.8,2.49,0.0154,Agressive,Sad
4,0.25,3,5.82,3.48,0.0201,Agressive,Sad
4.09,0.245,3.57,5.83,3.79,0.0233,Agressive,Sad
4.22,0.237,3.63,5.87,3.78,0.022,Agressive,Sad
4.15,0.241,3.7,5.8,3.79,0.0184,Agressive,Sad
4.04,0.248,3.81,5.83,3.81,0.0134,Agressive,Sad
4.1,0.244,3.87,6.19,3.8,0.0123,Agressive,Sad
4.13,0.242,3.88,6.45,3.81,0.0108,Agressive,Sad
4.12,0.242,3.84,6.56,3.78,0.0123,Agressive,Sad
4.13,0.242,3.88,6.59,3.76,0.0136,Agressive,Sad
4.12,0.243,3.86,6.6,3.69,0.0155,Agressive,Sad
4.1,0.244,3.84,6.6,3.57,0.0183,Agressive,Sad
4.03,0.248,3.67,6.59,1.96,0.0164,Agressive,Sad
3.77,0.265,3.33,6.58,1.55,0.013,Agressive,Sad
3.5,0.286,3.19,6.54,1.51,0.0134,Agressive,Sad
3.39,0.295,3.29,6.46,1.43,0.0182,Agressive,Sad
3.26,0.307,3.08,6.2,1.3,0.0219,Agressive,Sad
3.19,0.313,3.03,5.61,1.46,0.00656,Agressive,Sad
3.19,0.314,3.03,4.77,1.46,-0.00864,Agressive,Sad
3.26,0.306,3.03,4.22,1.62,-0.0164,Agressive,Sad
3.39,0.295,3.31,4.28,1.89,-0.00894,Agressive,Sad
3.4,0.294,3.31,4.45,2.03,0.00589,Agressive,Sad
3.4,0.294,3.31,4.57,2.16,0.00372,Agressive,Sad
3.45,0.29,3.3,4.58,2.23,-0.00318,Agressive,Sad
3.49,0.286,3.29,4.66,2.29,0.000111,Agressive,Sad
3.48,0.288,3.24,4.75,2.3,0.00362,Agressive,Sad
3.39,0.295,3.03,4.74,2.35,0.00414,Agressive,Sad
3.27,0.306,3.12,4.75,2.36,0.0087,Agressive,Sad
3.2,0.312,3.2,4.84,2.42,0.0179,Agressive,Sad
3.19,0.313,3.27,4.91,2.45,0.036,Agressive,Sad
3.18,0.314,3.01,4.92,2.42,0.0493,Agressive,Sad
3.02,0.331,2.78,4.86,2.29,0.0479,Agressive,Sad
2.83,0.354,2.9,4.7,2.33,0.0273,Agressive,Sad
2.78,0.36,2.99,4.53,2.32,0.0371,Agressive,Sad
2.79,0.359,3.01,4.56,2.26,0.0665,Agressive,Sad
2.8,0.358,3.11,4.55,2.28,0.0491,Agressive,Sad
2.83,0.354,3.37,4.46,2.27,0.0525,Agressive,Sad
2.88,0.348,3.34,4.36,2.24,0.0658,Agressive,Sad
2.78,0.359,3.3,4.2,2.16,0.066,Agressive,Sad
3.06,0.326,3.29,4.08,2.13,0.0146,Agressive,Sad
3.44,0.291,3.29,4.07,2.14,-0.0122,Agressive,Sad
3.44,0.29,3.35,4.42,2.15,-0.0208,Agressive,Sad
3.52,0.284,3.34,4.77,2.07,-0.0182,Agressive,Sad
3.63,0.276,3.48,4.84,1.96,-0.0179,Agressive,Sad
3.71,0.27,3.48,4.78,1.87,-0.0243,Agressive,Sad
3.74,0.267,3.5,4.74,1.89,-0.0296,Agressive,Sad
3.8,0.263,3.44,4.69,1.8,-0.0281,Agressive,Sad
3.83,0.261,3.22,4.69,1.79,-0.0264,Agressive,Sad
3.84,0.261,3.19,4.7,1.8,-0.0268,Agressive,Sad
3.8,0.263,3.13,4.7,1.69,-0.0243,Agressive,Sad
3.58,0.279,3.17,4.7,1.67,-0.0223,Agressive,Sad
3.36,0.298,3.13,4.65,1.64,-0.0143,Agressive,Sad
3.27,0.305,3.06,4.17,1.65,-0.00417,Agressive,Sad
3.2,0.313,2.94,3.71,1.83,0.000238,Agressive,Sad
3.06,0.327,2.63,3.66,2.02,0.017,Agressive,Sad
3,0.333,2.55,3.68,2.24,0.0505,Agressive,Sad
2.86,0.35,2.74,3.69,2.28,0.101,Agressive,Sad
2.85,0.351,2.83,3.67,2.29,0.111,Agressive,Sad
2.98,0.336,2.92,3.52,2.27,0.0719,Agressive,Sad
2.28,0.439,2.3,3.23,1.76,-0.0786,Happy,Happy
2.01,0.499,2.41,3.49,1.78,-0.0658,Happy,Happy
2.3,0.435,2.17,3.9,1.75,-0.0553,Happy,Happy
2.56,0.39,2.14,4.21,1.87,-0.0504,Happy,Happy
2.54,0.394,2.61,4.43,2.03,-0.042,Happy,Happy
2.93,0.341,2.7,4.8,2.07,-0.00602,Happy,Happy
3.49,0.286,2.69,5.19,2.03,0.00781,Happy,Happy
3.62,0.276,2.77,5.32,2.03,0.00788,Happy,Happy
3.67,0.273,2.8,5.31,2.16,0.00627,Happy,Happy
3.73,0.268,3,5.31,2.18,0.00955,Happy,Happy
3.75,0.267,3.08,5.3,2.07,0.0128,Happy,Happy
3.75,0.267,3.04,5.3,2.04,0.0119,Happy,Happy
3.71,0.269,3.07,5.24,2.04,0.0106,Happy,Happy
3.58,0.28,3.11,5.1,1.94,0.0183,Happy,Happy
3.51,0.285,3.04,4.99,1.85,0.0266,Happy,Happy
3.47,0.288,2.9,4.81,1.76,0.0271,Happy,Happy
3.13,0.32,2.88,4.26,1.79,0.0313,Happy,Happy
2.47,0.405,2.87,3.3,1.85,0.0284,Happy,Happy
2.15,0.464,2.92,3.06,1.83,0.00342,Happy,Happy
2.15,0.464,3.02,3.42,1.68,-0.000515,Happy,Happy
2.02,0.494,2.93,3.43,1.64,-0.0627,Happy,Happy
2.09,0.479,2.96,3.35,1.45,-0.0871,Happy,Happy
2.09,0.479,2.97,3.35,1.41,-0.06,Happy,Happy
2.15,0.466,2.9,3.39,1.49,-0.0474,Happy,Happy
2.15,0.465,2.95,3.44,1.59,-0.0486,Happy,Happy
2.21,0.453,2.98,3.5,1.59,-0.0408,Happy,Happy
2.39,0.419,3.09,3.57,1.62,-0.0335,Happy,Happy
2.5,0.4,3.09,3.59,1.54,-0.0346,Happy,Happy
2.48,0.403,3.04,3.57,1.57,-0.0291,Happy,Happy
2.39,0.419,3.02,3.39,1.54,-0.0196,Happy,Happy
2.3,0.435,2.78,3.19,1.56,-0.00675,Happy,Happy
2.25,0.444,2.78,3.47,1.75,0.0191,Happy,Happy
2.4,0.416,2.7,3.81,1.77,0.0379,Happy,Happy
2.55,0.392,2.75,3.99,1.73,0.0211,Happy,Happy
2.61,0.383,2.72,4.05,1.67,-0.00385,Happy,Happy
2.65,0.377,2.64,4.02,1.63,-0.0219,Happy,Happy
2.68,0.373,2.44,4.05,1.56,-0.0365,Happy,Happy
2.67,0.375,2.37,4.12,1.46,-0.0601,Happy,Happy
2.85,0.351,2.46,4.17,1.42,-0.0698,Happy,Happy
3.01,0.332,2.57,4.23,1.38,-0.062,Happy,Happy
3.07,0.326,2.56,4.3,1.34,-0.0657,Happy,Happy
3,0.333,2.62,4.26,1.39,-0.0826,Happy,Happy
2.94,0.34,2.59,4.06,1.11,-0.0974,Happy,Happy
2.83,0.353,2.69,3.91,1.08,-0.126,Happy,Happy
2.73,0.367,2.62,3.88,1.18,-0.133,Happy,Happy
2.68,0.373,2.61,3.87,1.25,-0.116,Happy,Happy
2.7,0.37,2.72,3.85,1.28,-0.0945,Happy,Happy
2.74,0.364,2.81,3.76,1.53,-0.0792,Happy,Happy
2.57,0.389,2.72,3.63,1.69,-0.0486,Happy,Happy
2.28,0.439,2.74,3.6,1.78,-0.0184,Happy,Happy
2.05,0.487,2.74,3.47,1.87,0.000694,Happy,Happy
2.13,0.469,2.7,3.37,1.93,0.0103,Happy,Happy
2.27,0.44,2.66,3.38,1.97,0.0164,Happy,Happy
2.34,0.428,2.79,3.32,2.09,0.0237,Happy,Happy
2.31,0.432,2.83,3.16,2.09,0.0216,Happy,Happy
2.35,0.426,2.84,2.96,2.11,-0.000478,Happy,Happy
2.47,0.406,3,2.97,2.14,-0.017,Happy,Happy
2.42,0.412,2.9,3.21,2.09,-0.015,Happy,Happy
2.29,0.436,2.91,3.19,2.1,-0.00888,Happy,Happy
2.28,0.438,2.91,3.27,1.99,-0.00476,Happy,Happy
2.29,0.437,2.9,3.77,2,-0.00831,Happy,Happy
2.31,0.432,2.8,4.18,1.91,0.00836,Happy,Happy
2.31,0.433,2.83,4.39,1.88,0.0568,Happy,Happy
2.28,0.439,2.82,4.46,1.87,0.0942,Happy,Happy
2.29,0.436,2.75,4.48,1.75,0.104,Happy,Happy
2.37,0.422,2.76,4.49,1.98,0.12,Happy,Happy
2.33,0.429,2.75,4.48,2.14,0.171,Happy,Happy
2.26,0.443,2.77,4.45,2.19,0.198,Happy,Happy
2.49,0.401,2.75,4.45,2.25,0.127,Happy,Happy
2.6,0.385,2.76,4.49,2.24,0.118,Happy,Happy
2.62,0.382,2.81,4.46,2.29,0.124,Happy,Happy
2.64,0.378,2.85,4.25,2.25,0.137,Happy,Happy
2.62,0.382,2.85,3.88,2.24,0.143,Happy,Happy
2.64,0.379,2.86,3.43,2.27,0.106,Happy,Happy
2.7,0.37,2.91,3.2,2.21,0.0667,Happy,Happy
2.67,0.374,2.84,3.25,2.2,0.0483,Happy,Happy
2.67,0.375,2.68,3.34,1.98,0.0391,Happy,Happy
2.86,0.35,2.63,3.36,1.92,0.0333,Happy,Happy
3.01,0.333,2.81,3.31,1.93,0.0205,Happy,Happy
3,0.334,2.89,3.43,2.22,-0.00285,Happy,Happy
3.11,0.321,2.93,4.41,2.24,-0.00735,Happy,Happy
3.25,0.308,2.97,4.9,2.3,-0.000566,Happy,Happy
3.35,0.298,2.99,5.01,2.34,0.00357,Happy,Happy
3.49,0.286,3.01,5.17,2.43,0.00501,Happy,Happy
3.55,0.282,3.34,5.25,2.41,0.0069,Happy,Happy
3.6,0.278,3.38,5.27,2.49,0.00531,Happy,Happy
3.89,0.257,3.36,5.35,2.74,0.00801,Happy,Happy
4.1,0.244,3.81,5.4,2.96,0.0115,Happy,Happy
4.24,0.236,4.24,5.67,3.2,0.0108,Happy,Happy
4.22,0.237,4.36,5.99,3.25,0.0158,Happy,Happy
4.36,0.229,4.51,6.18,3.18,0.0141,Happy,Happy
4.57,0.219,4.66,6.14,3.26,0.0106,Happy,Happy
4.81,0.208,4.74,6.16,3.28,0.00922,Happy,Happy
5.06,0.198,4.87,6.25,3.34,0.00774,Happy,Happy
5.16,0.194,4.98,6.23,3.35,0.00724,Happy,Happy
5.19,0.193,4.96,6.23,3.35,0.00747,Happy,Happy
5.15,0.194,5.04,6.27,3.33,0.00801,Happy,Happy
5.11,0.196,5.21,6.34,3.32,0.00775,Happy,Happy
5.13,0.195,5.19,6.4,3.19,0.00811,Happy,Happy
5.41,0.185,5.17,6.3,2.97,0.00828,Happy,Happy
5.6,0.178,5.12,6.28,3.07,0.00891,Happy,Happy
5.56,0.18,5.03,6.24,3.08,0.0102,Happy,Happy
5.48,0.182,4.95,6.19,3.01,0.0105,Happy,Happy
5.39,0.186,4.92,6.15,3.07,0.0112,Happy,Happy
5.35,0.187,4.79,6.22,3.01,0.0117,Happy,Happy
5.51,0.181,4.79,6.45,2.98,0.0106,Happy,Happy
5.67,0.176,4.79,6.58,2.93,0.0095,Happy,Happy
2.9,0.345,2.76,5.11,1.68,-0.0221,Sad,Happy
3.02,0.331,2.84,5.06,1.68,-0.0137,Sad,Happy
2.93,0.342,2.88,5.02,1.69,-0.0373,Sad,Happy
2.86,0.35,2.84,5.05,1.57,-0.0696,Sad,Happy
2.8,0.357,2.75,5.1,1.76,-0.0642,Sad,Happy
2.7,0.371,2.72,5.1,1.82,-0.0497,Sad,Happy
2.79,0.359,2.78,5.09,1.87,-0.0348,Sad,Happy
3.08,0.325,2.8,5.16,1.88,-0.00415,Sad,Happy
3.3,0.303,2.83,5.2,2.01,0.0157,Sad,Happy
3.33,0.301,3,5.06,2.04,0.0299,Sad,Happy
3.4,0.294,3,4.99,1.98,0.0509,Sad,Happy
3.55,0.282,2.8,5,2.01,0.0683,Sad,Happy
3.55,0.282,2.76,5.01,2.05,0.0813,Sad,Happy
3.54,0.282,2.79,5.04,2.21,0.0842,Sad,Happy
3.58,0.279,2.99,4.99,2.25,0.0817,Sad,Happy
3.6,0.278,3.14,4.96,2.22,0.0781,Sad,Happy
3.57,0.28,3.25,4.98,2.29,0.082,Sad,Happy
3.51,0.285,3.27,4.96,2.35,0.0825,Sad,Happy
3.38,0.296,3.27,5.01,2.25,0.0772,Sad,Happy
3.32,0.301,3.18,5.07,2.22,0.0626,Sad,Happy
3.37,0.297,3.14,4.93,2.24,0.0487,Sad,Happy
3.18,0.314,3.23,4.75,2.36,0.0137,Sad,Happy
2.91,0.344,3.24,4.76,2.44,-0.0318,Sad,Happy
2.94,0.34,3.31,4.75,2.52,-0.0535,Sad,Happy
2.95,0.338,3.28,4.73,2.43,-0.0614,Sad,Happy
3.12,0.32,3.17,4.72,2.34,-0.0382,Sad,Happy
3.25,0.307,2.96,4.66,2.36,-0.0286,Sad,Happy
3.28,0.305,2.96,4.67,2.27,-0.027,Sad,Happy
3.32,0.302,3.01,4.59,2.31,-0.024,Sad,Happy
3.21,0.312,2.95,4.05,2.34,-0.0231,Sad,Happy
3.17,0.315,2.93,3.79,2.36,-0.0305,Sad,Happy
3.1,0.323,2.93,4.05,2.37,-0.0354,Sad,Happy
3.21,0.312,3.04,4.16,2.13,-0.0384,Sad,Happy
3.31,0.302,3.2,4.11,2.15,-0.0331,Sad,Happy
3.38,0.296,3.15,4.09,2.13,-0.0253,Sad,Happy
3.31,0.302,3.16,4.01,2.3,-0.0277,Sad,Happy
3.19,0.314,3.25,4.01,2.34,-0.0382,Sad,Happy
3.13,0.32,3.23,4.03,2.42,-0.0414,Sad,Happy
3.09,0.324,3.25,3.9,2.41,-0.0411,Sad,Happy
3.06,0.327,3.3,3.8,2.37,-0.0349,Sad,Happy
3.02,0.331,3.27,3.75,2.46,-0.0246,Sad,Happy
2.97,0.337,3.33,3.53,2.47,-0.0139,Sad,Happy
2.84,0.352,3.22,3.26,2.5,0.00487,Sad,Happy
2.57,0.39,3.14,3.3,2.59,0.0356,Sad,Happy
2.26,0.442,3.39,3.65,2.7,0.0499,Sad,Happy
2.32,0.431,3.46,3.82,2.76,-0.0299,Sad,Happy
2.57,0.388,3.54,3.9,3.01,-0.0707,Sad,Happy
2.54,0.393,3.54,3.99,3.29,-0.0911,Sad,Happy
2.52,0.396,3.56,4.11,3.35,-0.0789,Sad,Happy
2.44,0.409,3.51,4.22,3.44,-0.0839,Sad,Happy
2.39,0.419,3.61,4.27,3.53,-0.094,Sad,Happy
2.44,0.41,4.02,4.3,3.69,-0.0859,Sad,Happy
2.54,0.394,4.09,4.4,3.78,-0.0851,Sad,Happy
2.79,0.359,4.09,4.46,3.8,-0.0872,Sad,Happy
3.06,0.327,4.03,4.38,3.76,-0.074,Sad,Happy
3.18,0.314,3.96,4.27,3.73,-0.0572,Sad,Happy
3.05,0.328,3.86,4.35,3.69,-0.043,Sad,Happy
2.95,0.339,3.84,4.43,3.46,-0.0343,Sad,Happy
3.14,0.319,3.85,4.41,3.44,-0.0248,Sad,Happy
3.46,0.289,3.83,4.3,3.34,-0.0147,Sad,Happy
3.56,0.281,3.83,4.19,3.25,-0.0113,Sad,Happy
3.55,0.281,3.58,4.26,2.95,-0.00832,Sad,Happy
3.61,0.277,3.14,4.55,2.78,-0.00704,Sad,Happy
3.65,0.274,2.97,4.89,2.47,-0.00896,Sad,Happy
3.57,0.28,3.09,5.11,2.55,-0.00291,Sad,Happy
3.46,0.289,3.16,5.21,2.55,0.0119,Sad,Happy
3.47,0.288,3.15,5.26,2.59,0.0164,Sad,Happy
3.46,0.289,3.14,5.32,2.59,0.0142,Sad,Happy
3.4,0.294,3.14,5.39,2.62,0.0166,Sad,Happy
3.15,0.317,3.1,5.39,2.46,0.0215,Sad,Happy
2.83,0.353,3.17,5.39,2.49,0.0298,Sad,Happy
2.75,0.363,3.13,5.41,2.46,0.0151,Sad,Happy
2.91,0.344,3.14,5.45,2.46,-0.0145,Sad,Happy
3,0.333,3.27,5.37,2.48,-0.0192,Sad,Happy
2.92,0.342,3.43,5.12,2.59,-0.00681,Sad,Happy
2.89,0.345,3.26,4.96,2.72,-0.00487,Sad,Happy
2.91,0.344,3.37,4.99,2.7,-0.0218,Sad,Happy
3.05,0.328,3.4,4.97,2.74,-0.0337,Sad,Happy
3.27,0.306,3.6,4.85,2.75,-0.027,Sad,Happy
3.4,0.294,3.66,4.83,2.76,-0.0241,Sad,Happy
3.41,0.293,3.65,4.93,2.74,-0.0262,Sad,Happy
3.45,0.29,3.73,4.98,2.77,-0.0198,Sad,Happy
3.49,0.287,3.76,4.91,2.78,-0.00984,Sad,Happy
3.34,0.299,3.72,4.69,2.73,-0.00505,Sad,Happy
3.29,0.304,3.61,4.54,2.8,-0.0114,Sad,Happy
3.28,0.305,3.56,4.58,2.7,-0.0204,Sad,Happy
3.22,0.31,3.67,4.53,2.52,-0.0279,Sad,Happy
3.07,0.326,3.58,4.42,2.52,-0.0325,Sad,Happy
2.84,0.352,3.54,4.32,2.4,-0.0319,Sad,Happy
2.65,0.377,3.32,4.18,2.35,-0.0433,Sad,Happy
2.93,0.341,3.25,4.13,2.23,-0.034,Sad,Happy
3.23,0.309,3.11,4.22,2.08,-0.0277,Sad,Happy
3.21,0.311,3.06,4.34,2.03,-0.0348,Sad,Happy
3.16,0.316,3.02,4.44,1.96,-0.0351,Sad,Happy
3.14,0.319,3.06,4.47,1.97,-0.0269,Sad,Happy
3.11,0.321,3.03,4.41,1.68,-0.0192,Sad,Happy
3.16,0.316,2.93,4.34,1.79,-0.014,Sad,Happy
3.3,0.303,2.85,4.28,1.77,-0.00315,Sad,Happy
3.47,0.288,2.8,4.26,1.74,0.00339,Sad,Happy
3.57,0.28,2.84,4.27,1.91,-0.00132,Sad,Happy
3.52,0.284,2.86,4.27,1.83,-0.0042,Sad,Happy
3.41,0.293,2.85,3.99,1.78,-0.000831,Sad,Happy
3.41,0.294,2.79,3.6,1.8,-0.00112,Sad,Happy
3.42,0.292,2.73,3.3,1.79,-0.00235,Sad,Happy
3.4,0.294,2.7,2.91,1.81,-0.00528,Sad,Happy
3.41,0.293,2.69,2.73,1.96,-0.00195,Sad,Happy
3.42,0.293,2.76,2.75,1.85,0.0062,Sad,Happy
3.61,0.277,3.43,5.61,1.7,-0.00188,Agressive,Sad
3.62,0.276,3.52,5.57,1.68,-0.00303,Agressive,Sad
3.64,0.274,3.46,5.45,1.69,-0.0086,Agressive,Sad
3.66,0.273,3.58,5.18,1.7,-0.0101,Agressive,Sad
3.69,0.271,3.74,5.06,1.74,-0.00003,Agressive,Sad
3.8,0.263,3.72,5.4,1.71,0.0122,Agressive,Sad
3.84,0.261,3.72,5.71,1.58,0.0151,Agressive,Sad
3.69,0.271,3.65,5.65,1.58,0.00828,Agressive,Sad
3.66,0.273,3.59,5.44,1.58,-0.00908,Agressive,Sad
3.63,0.276,3.46,5.39,1.59,-0.00748,Agressive,Sad
3.52,0.284,3.31,5.4,1.46,0.00364,Agressive,Sad
3.5,0.286,3.24,5.4,1.24,0.00594,Agressive,Sad
3.49,0.287,3.19,5.45,1.24,0.00769,Agressive,Sad
3.48,0.287,3.17,5.5,1.32,0.0123,Agressive,Sad
3.57,0.28,2.84,5.5,1.53,0.0109,Agressive,Sad
3.6,0.278,2.76,5.33,1.55,-0.00726,Agressive,Sad
3.33,0.301,2.54,4.76,1.53,-0.0375,Agressive,Sad
3.41,0.293,2.7,4.31,1.54,-0.0307,Agressive,Sad
3.52,0.284,2.81,4.29,1.55,-0.011,Agressive,Sad
3.7,0.27,2.99,4.23,1.69,-0.00134,Agressive,Sad
3.89,0.257,3.03,4.17,1.95,-0.00923,Agressive,Sad
3.95,0.253,3.09,4.16,2.05,-0.0174,Agressive,Sad
3.97,0.252,3.12,4.07,2.06,-0.0208,Agressive,Sad
4.02,0.249,3.1,3.86,2.04,-0.022,Agressive,Sad
4.04,0.247,3.09,3.52,1.93,-0.0282,Agressive,Sad
3.96,0.252,3.07,3.43,1.84,-0.0322,Agressive,Sad
3.98,0.251,3.14,3.56,1.95,-0.0245,Agressive,Sad
4.04,0.247,3.37,4.54,2.01,-0.019,Agressive,Sad
4.07,0.246,3.33,5.34,1.99,-0.0319,Agressive,Sad
4.02,0.249,3.3,5.54,2.08,-0.0472,Agressive,Sad
3.88,0.258,3.24,5.54,1.88,-0.0461,Agressive,Sad
3.74,0.268,3.2,5.55,1.8,-0.0431,Agressive,Sad
3.66,0.273,3.18,5.56,1.79,-0.0411,Agressive,Sad
3.73,0.268,3.25,5.56,1.86,-0.0406,Agressive,Sad
3.84,0.261,3.31,5.57,1.86,-0.0392,Agressive,Sad
3.91,0.256,3.38,5.57,1.87,-0.0358,Agressive,Sad
3.91,0.256,3.48,5.56,1.93,-0.0399,Agressive,Sad
3.82,0.262,3.21,5.55,1.87,-0.0531,Agressive,Sad
3.72,0.269,3.01,5.29,1.8,-0.0592,Agressive,Sad
3.53,0.283,2.94,4.55,1.78,-0.0534,Agressive,Sad
3.33,0.3,2.88,3.99,1.69,-0.0719,Agressive,Sad
3.31,0.302,3,4.05,1.71,-0.104,Agressive,Sad
3.53,0.283,3.14,4.23,1.71,-0.0743,Agressive,Sad
3.89,0.257,3.15,4.77,1.58,-0.0313,Agressive,Sad
3.97,0.252,3.02,5.1,1.67,-0.0174,Agressive,Sad
3.89,0.257,2.98,5.17,1.71,-0.00998,Agressive,Sad
3.84,0.26,2.89,5.17,1.73,-0.00582,Agressive,Sad
3.83,0.261,2.81,5.22,1.74,-0.00371,Agressive,Sad
3.83,0.261,2.85,5.23,1.68,-0.00297,Agressive,Sad
3.82,0.262,3,5.19,1.71,0.000743,Agressive,Sad
3.81,0.263,3.11,5.16,1.78,0.0074,Agressive,Sad
3.83,0.261,3.11,5.2,1.76,0.015,Agressive,Sad
3.82,0.262,2.94,5.51,2.02,0.0203,Agressive,Sad
3.59,0.279,2.8,5.81,2.07,0.0224,Agressive,Sad
3.1,0.322,2.76,5.82,2.05,0.0294,Agressive,Sad
2.53,0.395,2.83,5.73,2.13,0.0357,Agressive,Sad
2.42,0.414,2.76,5.75,2.17,0.0813,Agressive,Sad
2.63,0.381,2.77,5.75,2.16,0.112,Agressive,Sad
3.14,0.319,2.87,5.8,2.24,0.058,Agressive,Sad
3.47,0.288,2.76,5.89,2.25,0.0363,Agressive,Sad
3.55,0.282,2.73,5.93,2.26,0.0397,Agressive,Sad
3.65,0.274,2.59,5.92,2.2,0.0446,Agressive,Sad
3.66,0.273,2.55,5.81,2.14,0.0455,Agressive,Sad
3.62,0.276,2.51,5.46,1.84,0.0491,Agressive,Sad
3.62,0.276,2.57,5.08,1.85,0.0469,Agressive,Sad
3.63,0.276,2.58,4.98,1.86,0.0434,Agressive,Sad
3.63,0.276,2.65,4.84,1.71,0.0433,Agressive,Sad
3.61,0.277,2.71,4.68,1.61,0.042,Agressive,Sad
3.52,0.284,2.59,4.65,1.47,0.0472,Agressive,Sad
3.25,0.308,2.49,4.21,1.44,0.0861,Agressive,Sad
2.98,0.335,2.49,3.54,1.42,0.127,Agressive,Sad
2.82,0.355,2.34,3.41,1.38,0.118,Agressive,Sad
2.6,0.385,2.4,3.51,1.47,0.116,Agressive,Sad
2.44,0.41,2.46,3.65,1.47,0.0738,Agressive,Sad
2.6,0.384,2.5,3.66,1.45,0.0292,Agressive,Sad
2.65,0.377,2.44,3.54,1.42,0.0183,Agressive,Sad
2.6,0.385,2.37,3.5,1.42,0.0168,Agressive,Sad
2.68,0.372,2.42,3.54,1.41,0.0116,Agressive,Sad
2.78,0.359,2.44,3.55,1.6,-0.0023,Agressive,Sad
2.76,0.363,2.55,3.55,1.59,-0.0243,Agressive,Sad
2.72,0.368,2.54,3.67,1.67,-0.045,Agressive,Sad
2.79,0.358,2.76,4.07,1.72,-0.0441,Agressive,Sad
2.92,0.342,2.85,4.29,1.73,-0.0311,Agressive,Sad
2.93,0.341,2.89,4.23,1.8,-0.0279,Agressive,Sad
2.86,0.35,2.85,4.12,1.94,-0.0208,Agressive,Sad
2.8,0.357,2.84,4.13,1.97,-0.0111,Agressive,Sad
2.9,0.345,2.87,4.15,1.97,-0.00419,Agressive,Sad
3.09,0.324,2.85,4.14,2,0.00672,Agressive,Sad
3.09,0.324,2.79,4.13,1.94,0.0114,Agressive,Sad
3.07,0.326,2.81,4.16,1.76,0.0113,Agressive,Sad
3.27,0.306,2.77,4.33,1.76,0.00403,Agressive,Sad
3.34,0.299,2.85,4.4,1.68,0.00257,Agressive,Sad
3.33,0.3,2.72,4.19,1.64,-0.00123,Agressive,Sad
3.35,0.298,2.64,4.06,1.62,-0.00627,Agressive,Sad
3.37,0.297,2.61,4.07,1.34,-0.00889,Agressive,Sad
3.36,0.297,2.63,4.08,1.29,-0.00725,Agressive,Sad
3.36,0.297,2.84,4.07,1.54,-0.00572,Agressive,Sad
3.3,0.303,2.8,4.06,1.55,-0.012,Agressive,Sad
3.17,0.315,2.84,4.07,1.6,-0.0191,Agressive,Sad
3.04,0.329,2.81,4.06,1.6,-0.0165,Agressive,Sad
2.85,0.351,2.79,4.04,1.64,-0.00375,Agressive,Sad
2.62,0.382,2.84,3.92,1.77,0.0341,Agressive,Sad
2.42,0.412,2.74,3.7,1.87,0.0792,Agressive,Sad
2.25,0.445,2.82,3.62,1.98,0.122,Agressive,Sad
2.15,0.464,2.97,3.78,1.96,0.167,Agressive,Sad
2.58,0.388,2.91,4.28,2.02,0.149,Agressive,Sad
4.21,0.238,3.08,3.68,1.44,-0.00151,Calm,Calm
4.21,0.238,3.11,3.92,1.47,0.00116,Calm,Calm
4.2,0.238,3.11,4.35,1.54,0.0106,Calm,Calm
4.32,0.232,3.03,4.58,1.56,0.0193,Calm,Calm
4.43,0.226,3.01,4.57,1.56,0.0213,Calm,Calm
4.49,0.223,2.99,4.5,1.52,0.0205,Calm,Calm
4.56,0.219,2.95,4.5,1.51,0.0183,Calm,Calm
4.56,0.219,2.8,4.5,1.6,0.0174,Calm,Calm
4.58,0.218,2.8,4.48,1.77,0.0145,Calm,Calm
4.45,0.225,2.68,4.56,1.78,0.0108,Calm,Calm
4.31,0.232,2.67,4.64,1.92,0.0159,Calm,Calm
4.3,0.233,2.67,4.57,1.94,0.021,Calm,Calm
4.31,0.232,2.59,4.36,1.9,0.0197,Calm,Calm
4.21,0.238,2.53,4.09,1.88,0.014,Calm,Calm
4.02,0.249,2.49,3.96,1.9,0.00947,Calm,Calm
3.82,0.262,2.51,4.1,1.95,0.011,Calm,Calm
3.56,0.281,2.67,4.33,1.92,0.0103,Calm,Calm
3.47,0.288,2.66,4.42,1.9,0.0131,Calm,Calm
3.56,0.281,2.68,4.57,1.94,0.0334,Calm,Calm
3.56,0.281,2.55,4.65,1.82,0.0491,Calm,Calm
3.53,0.283,2.48,4.56,1.75,0.0554,Calm,Calm
3.46,0.289,2.58,4.53,1.64,0.0561,Calm,Calm
3.33,0.3,2.68,4.55,1.6,0.06,Calm,Calm
3.23,0.309,2.83,4.52,1.61,0.0722,Calm,Calm
3.21,0.311,2.86,4.47,1.62,0.0888,Calm,Calm
3.25,0.307,2.92,4.36,1.5,0.0947,Calm,Calm
3.33,0.3,2.91,4.14,1.58,0.0839,Calm,Calm
3.37,0.297,2.85,4,1.64,0.0775,Calm,Calm
3.17,0.315,3.13,3.92,1.67,0.0812,Calm,Calm
2.79,0.358,3.2,3.71,1.71,0.0714,Calm,Calm
2.84,0.352,3.18,3.85,1.64,0.0334,Calm,Calm
3.1,0.322,3.15,4.45,1.74,0.0126,Calm,Calm
3.14,0.319,3.12,4.75,1.81,0.00915,Calm,Calm
3.22,0.31,3.23,4.9,1.81,0.0111,Calm,Calm
3.37,0.297,3.18,5.05,1.9,0.015,Calm,Calm
3.41,0.293,3.25,5.21,2,0.0188,Calm,Calm
3.36,0.297,3.27,5.32,2.03,0.0169,Calm,Calm
3.46,0.289,3.38,5.34,2.14,0.02,Calm,Calm
3.63,0.275,3.35,5.52,2.22,0.0244,Calm,Calm
3.68,0.271,3.19,5.75,2.24,0.0278,Calm,Calm
3.67,0.273,3.12,5.83,2.2,0.0291,Calm,Calm
3.57,0.28,3.4,5.77,2.36,0.0426,Calm,Calm
3.52,0.284,3.53,5.63,2.83,0.0575,Calm,Calm
3.47,0.288,3.5,5.55,2.93,0.0509,Calm,Calm
3.52,0.284,3.43,5.48,2.97,0.0265,Calm,Calm
3.68,0.272,3.44,5.37,2.99,0.00747,Calm,Calm
3.72,0.269,3.51,5.27,3.04,0.00174,Calm,Calm
3.71,0.27,3.45,5.27,3.04,0.00002,Calm,Calm
3.58,0.279,3.42,5.19,3.08,-0.00558,Calm,Calm
3.44,0.291,3.56,4.84,3.08,-0.0144,Calm,Calm
3.55,0.282,3.61,5.09,3.13,-0.0118,Calm,Calm
3.61,0.277,3.59,5.58,3.23,-0.0106,Calm,Calm
3.58,0.279,3.45,5.78,3.15,-0.0167,Calm,Calm
3.56,0.281,3.41,5.83,3.08,-0.0231,Calm,Calm
3.6,0.278,3.42,5.92,3.08,-0.00844,Calm,Calm
3.54,0.283,3.42,6.09,3.06,0.0167,Calm,Calm
3.58,0.279,3.3,6.18,3.05,0.0426,Calm,Calm
3.64,0.275,3.27,6.19,2.95,0.0509,Calm,Calm
3.68,0.271,3.26,6.2,2.93,0.0439,Calm,Calm
3.71,0.269,3.3,6.21,2.81,0.0386,Calm,Calm
3.68,0.272,3.13,6.15,2.72,0.0295,Calm,Calm
3.67,0.273,3.1,5.91,2.71,0.0122,Calm,Calm
3.7,0.27,2.99,5.55,2.47,-0.00655,Calm,Calm
3.72,0.269,2.92,5.35,2.09,-0.0157,Calm,Calm
3.73,0.268,2.78,5.29,2.04,-0.0216,Calm,Calm
3.67,0.273,2.7,4.95,1.7,-0.0299,Calm,Calm
3.47,0.288,2.68,4.31,1.69,-0.0533,Calm,Calm
3.35,0.299,2.65,4.01,1.65,-0.0875,Calm,Calm
3.28,0.305,2.65,3.76,1.69,-0.103,Calm,Calm
3.14,0.318,2.58,3.4,1.74,-0.121,Calm,Calm
3.03,0.33,2.6,3.26,2.05,-0.148,Calm,Calm
2.89,0.346,2.72,3.47,1.96,-0.18,Calm,Calm
2.92,0.342,2.76,4.17,2.11,-0.12,Calm,Calm
3.39,0.295,2.94,5.24,2.19,-0.0311,Calm,Calm
3.7,0.27,2.99,5.75,2.24,-0.00943,Calm,Calm
3.72,0.269,3.04,5.86,2.31,-0.00807,Calm,Calm
3.76,0.266,3.12,5.9,2.32,-0.00415,Calm,Calm
3.85,0.26,3.17,5.9,2.57,0.00576,Calm,Calm
3.88,0.258,3.22,5.92,2.79,0.0119,Calm,Calm
3.89,0.257,3.16,5.97,2.82,0.0109,Calm,Calm
3.91,0.256,3.18,6.03,2.82,0.01,Calm,Calm
3.91,0.256,3.2,6.08,2.85,0.0124,Calm,Calm
3.97,0.252,3.26,6.14,2.88,0.00826,Calm,Calm
4.07,0.246,3.22,6.09,2.86,-0.00137,Calm,Calm
3.9,0.256,3.16,5.85,2.8,-0.0115,Calm,Calm
3.79,0.264,3.25,5.77,2.82,-0.017,Calm,Calm
3.86,0.259,3.17,5.85,2.77,-0.0115,Calm,Calm
4.08,0.245,3.15,5.95,2.72,-0.0109,Calm,Calm
4.11,0.243,3.13,5.98,2.47,-0.0185,Calm,Calm
4.11,0.243,3.23,5.96,2.33,-0.0203,Calm,Calm
4.1,0.244,3.24,5.94,2.25,-0.0172,Calm,Calm
4.08,0.245,3.17,5.88,2.1,-0.0172,Calm,Calm
4.08,0.245,3.21,5.8,2.02,-0.0162,Calm,Calm
4.02,0.249,3.28,5.59,1.94,-0.00988,Calm,Calm
3.76,0.266,3.31,5.31,1.84,-0.00235,Calm,Calm
3.57,0.28,3.28,5.11,1.83,0.000384,Calm,Calm
3.6,0.278,3.16,4.86,1.82,-0.00106,Calm,Calm
3.3,0.303,3.13,4.46,1.85,-0.0125,Calm,Calm
2.76,0.362,3.09,3.89,1.68,-0.00524,Calm,Calm
2.42,0.414,2.84,3.7,1.62,0.0227,Calm,Calm
2.54,0.394,2.8,3.81,1.71,-0.0233,Calm,Calm
2.59,0.386,2.8,3.7,1.73,-0.0624,Calm,Calm
2.62,0.382,2.78,3.66,1.71,-0.0789,Calm,Calm
2.66,0.375,2.45,3.7,1.76,-0.13,Calm,Calm
2.82,0.355,2.13,3.61,1.84,-0.176,Calm,Calm
3.04,0.329,2.12,3.43,2.04,-0.176,Calm,Calm
3.25,0.308,2.25,3.39,2.12,-0.167,Calm,Calm
3.33,0.3,2.84,3.04,1.85,-0.00913,Calm,Calm
3.25,0.307,2.82,2.83,1.94,-0.00501,Calm,Calm
3.19,0.313,2.77,3.09,1.91,-0.00612,Calm,Calm
3.13,0.319,2.52,3.12,1.87,-0.0197,Calm,Calm
2.94,0.341,2.47,3.1,2.06,-0.0359,Calm,Calm
2.61,0.383,2.48,3.6,2.09,-0.0211,Calm,Calm
2.44,0.411,2.48,4.47,2.73,0.0458,Calm,Calm
3,0.333,2.73,4.92,2.79,0.0326,Calm,Calm
4.08,0.245,2.67,6.04,2.8,0.00971,Calm,Calm
4.52,0.221,2.66,6.94,2.8,0.00544,Calm,Calm
4.64,0.215,2.72,7.27,2.83,0.00157,Calm,Calm
4.65,0.215,2.72,7.32,2.9,0.00142,Calm,Calm
4.66,0.215,2.9,7.33,2.91,0.00153,Calm,Calm
4.67,0.214,3.06,7.37,2.94,0.00142,Calm,Calm
4.66,0.214,3.13,7.4,2.96,0.00097,Calm,Calm
4.67,0.214,3.13,7.4,2.88,0.0011,Calm,Calm
4.67,0.214,3.21,7.38,2.77,0.00162,Calm,Calm
4.64,0.215,3.34,7.36,2.28,0.00315,Calm,Calm
4.46,0.224,3.26,7.34,2.18,0.00413,Calm,Calm
3.99,0.25,3.24,7.09,2.19,0.000188,Calm,Calm
3.2,0.312,3.29,6.46,2.14,-0.00785,Calm,Calm
3.1,0.322,3.27,5.8,2.13,-0.0124,Calm,Calm
3.11,0.322,3.29,5.49,2.07,-0.0177,Calm,Calm
3.1,0.322,3.27,5.32,1.99,-0.021,Calm,Calm
3.12,0.321,3.15,5.11,1.95,-0.0254,Calm,Calm
3.11,0.322,3.11,4.91,1.95,-0.0281,Calm,Calm
3.07,0.326,3.14,4.79,1.82,-0.0317,Calm,Calm
3.04,0.329,3.2,4.69,1.86,-0.0341,Calm,Calm
2.99,0.335,2.97,4.26,1.91,-0.0483,Calm,Calm
2.91,0.343,3.02,3.35,1.89,-0.0636,Calm,Calm
2.78,0.36,3.06,2.98,1.89,-0.051,Calm,Calm
2.39,0.418,3.03,2.79,1.87,-0.038,Calm,Calm
2.24,0.446,3.01,2.67,1.72,-0.0471,Calm,Calm
2.18,0.458,2.97,2.9,1.66,-0.0508,Calm,Calm
2.02,0.496,3.07,3.09,1.68,-0.0394,Calm,Calm
2.09,0.478,3.04,3.25,1.69,-0.0526,Calm,Calm
2.43,0.412,3.09,3.45,1.68,-0.0473,Calm,Calm
2.75,0.364,3.03,3.68,1.73,-0.0251,Calm,Calm
2.81,0.356,3.05,3.86,1.64,-0.0217,Calm,Calm
2.86,0.35,3.04,3.93,1.62,-0.0139,Calm,Calm
3,0.334,3.06,3.97,1.62,-0.00236,Calm,Calm
3.04,0.329,3.04,4.04,1.61,0.00226,Calm,Calm
3.04,0.329,3.02,4.09,1.63,0.016,Calm,Calm
3.01,0.333,3.01,4.07,1.66,0.0298,Calm,Calm
2.99,0.335,2.93,4.01,1.72,0.0287,Calm,Calm
3,0.334,2.84,3.87,1.73,0.0366,Calm,Calm
3.02,0.331,2.78,3.77,1.72,0.0564,Calm,Calm
2.92,0.342,2.79,3.64,1.74,0.0725,Calm,Calm
2.66,0.376,2.84,3.31,1.76,0.0774,Calm,Calm
2.71,0.37,3.13,3.44,2.08,0.0592,Calm,Calm
3.01,0.332,3.15,4.39,2.06,0.0523,Calm,Calm
3.13,0.32,3.11,4.86,2.09,0.0624,Calm,Calm
3.23,0.31,3.17,4.93,2.13,0.0715,Calm,Calm
3.35,0.298,3.21,4.91,2.16,0.0649,Calm,Calm
3.46,0.289,3.21,4.91,2.23,0.0571,Calm,Calm
3.5,0.286,3.26,4.92,2.23,0.054,Calm,Calm
3.46,0.289,3.28,4.92,2.2,0.0552,Calm,Calm
3.44,0.291,3.26,4.93,2.19,0.0525,Calm,Calm
3.52,0.284,3.2,4.97,2.16,0.0389,Calm,Calm
3.62,0.276,2.95,5.05,2.08,0.0288,Calm,Calm
3.57,0.28,2.7,4.98,1.76,0.0294,Calm,Calm
3.36,0.297,2.73,4.56,1.79,0.0222,Calm,Calm
3.19,0.313,2.65,3.92,2.03,0.000739,Calm,Calm
3.09,0.324,2.48,3.68,2.02,-0.0173,Calm,Calm
2.85,0.351,2.54,3.64,1.94,-0.0513,Calm,Calm
2.7,0.371,2.76,3.63,1.88,-0.0805,Calm,Calm
2.77,0.361,2.74,3.68,1.82,-0.0854,Calm,Calm
2.86,0.349,2.7,3.65,1.88,-0.072,Calm,Calm
2.82,0.355,2.66,3.63,1.89,-0.0572,Calm,Calm
2.55,0.392,2.73,3.46,1.98,-0.0422,Calm,Calm
2.31,0.432,2.75,3.03,2,-0.0495,Calm,Calm
2.33,0.429,2.7,2.8,2.19,-0.0271,Calm,Calm
2.28,0.439,2.74,2.79,2.16,-0.0115,Calm,Calm
2.27,0.44,2.72,3.19,2.05,-0.00936,Calm,Calm
2.28,0.438,2.7,3.52,2.14,0.00287,Calm,Calm
2.27,0.441,2.68,3.57,2.16,0.0216,Calm,Calm
2.15,0.465,2.31,3.52,2.12,0.051,Calm,Calm
1.95,0.513,2.3,3.54,2.2,0.0743,Calm,Calm
1.93,0.518,2.36,3.61,2.3,0.0642,Calm,Calm
1.98,0.506,2.39,3.62,2.34,0.0577,Calm,Calm
1.97,0.508,2.5,3.61,2.3,0.0735,Calm,Calm
2.09,0.479,2.44,3.7,2.28,0.0921,Calm,Calm
2.1,0.475,2.43,3.79,2.29,0.0958,Calm,Calm
2.14,0.466,2.36,3.78,2.27,0.0866,Calm,Calm
2.21,0.452,2.43,3.61,2.23,0.0717,Calm,Calm
2.33,0.429,2.54,3.5,2.18,0.0624,Calm,Calm
2.43,0.412,2.54,3.53,2.15,0.0471,Calm,Calm
2.43,0.411,2.51,3.5,2.16,0.0561,Calm,Calm
2.49,0.402,2.71,3.55,2.12,0.0994,Calm,Calm
2.72,0.368,2.79,3.71,2.06,0.129,Calm,Calm
2.97,0.337,2.73,3.88,2.03,0.0868,Calm,Calm
3.1,0.322,2.87,3.94,2.01,0.0496,Calm,Calm
3.22,0.311,3.1,4.01,1.96,0.0326,Calm,Calm
3.39,0.295,3.21,4.08,1.8,0.0221,Calm,Calm
3.6,0.278,3.22,4.1,1.84,0.0196,Calm,Calm
3.76,0.266,3.19,4.34,1.9,0.0218,Calm,Calm
3.82,0.262,3.18,4.67,1.99,0.0264,Calm,Calm
3.81,0.262,3.25,4.78,2.05,0.0274,Calm,Calm
3.85,0.26,3.28,4.77,2.08,0.0241,Calm,Calm
3.83,0.261,3.21,4.78,2.28,0.0199,Calm,Calm
3.76,0.266,3.24,4.78,2.62,0.0138,Calm,Calm
3.71,0.27,3.18,4.76,2.84,0.0134,Calm,Calm
3.63,0.275,3.02,4.73,2.82,0.019,Calm,Calm
3.56,0.281,2.92,4.67,2.94,0.0237,Calm,Calm
3.39,0.295,2.98,4.63,2.97,0.0332,Calm,Calm
3.04,0.329,3.01,4.56,2.97,0.0524,Calm,Calm
2.66,0.376,3.03,4.32,2.96,0.0568,Calm,Calm
3.77,0.265,3.06,5.23,2.6,0.0148,Agressive,Sad
3.72,0.269,2.93,5.22,2.41,0.0124,Agressive,Sad
3.66,0.273,2.88,5.22,2.41,0.016,Agressive,Sad
3.64,0.275,2.97,5.19,2.57,0.0295,Agressive,Sad
3.59,0.278,3.01,5.14,2.46,0.0403,Agressive,Sad
3.49,0.286,3.21,5.13,2.67,0.0423,Agressive,Sad
3.34,0.299,3.21,5.06,2.62,0.0427,Agressive,Sad
3.18,0.315,3.21,4.86,2.6,0.057,Agressive,Sad
3.13,0.319,3.11,4.91,2.5,0.0681,Agressive,Sad
3.16,0.316,3.06,5.14,2.45,0.0585,Agressive,Sad
3.17,0.315,3.07,5.26,2.62,0.0534,Agressive,Sad
3.26,0.307,3.26,5.29,2.63,0.0403,Agressive,Sad
3.37,0.297,3.25,5.33,2.64,0.0139,Agressive,Sad
3.36,0.297,3.28,5.36,2.66,-0.00453,Agressive,Sad
3.28,0.305,3.39,5.35,2.56,-0.0226,Agressive,Sad
3.23,0.309,3.24,5.25,2.46,-0.0328,Agressive,Sad
3.42,0.292,3.18,4.97,2.28,-0.0127,Agressive,Sad
3.52,0.284,3.19,4.72,2.26,-0.00681,Agressive,Sad
3.46,0.289,3.36,4.66,2.2,-0.0109,Agressive,Sad
3.4,0.294,3.39,4.38,2.25,-0.0116,Agressive,Sad
3.38,0.296,3.5,3.82,2.38,-0.00776,Agressive,Sad
3.51,0.285,3.62,3.42,2.59,-0.00804,Agressive,Sad
3.8,0.263,3.66,3.48,2.6,-0.00347,Agressive,Sad
4.01,0.25,3.65,3.83,2.59,-0.000957,Agressive,Sad
4.14,0.242,3.66,4.03,2.54,0.000491,Agressive,Sad
4.17,0.24,3.54,4.04,2.38,0.00188,Agressive,Sad
4.15,0.241,3.54,4.06,2.36,0.000921,Agressive,Sad
4.08,0.245,3.55,4.09,2.36,-0.00725,Agressive,Sad
4.12,0.243,3.45,4.13,2.36,-0.0128,Agressive,Sad
4.18,0.239,3.38,4.13,2.35,-0.0126,Agressive,Sad
4.2,0.238,3.51,4.22,2.4,-0.0136,Agressive,Sad
4.22,0.237,3.38,4.28,1.91,-0.0117,Agressive,Sad
4.25,0.235,3.07,4.34,1.63,-0.00915,Agressive,Sad
4.07,0.246,3.01,4.28,1.6,-0.007,Agressive,Sad
3.73,0.268,3.05,3.93,1.57,-0.00113,Agressive,Sad
3.69,0.271,3.02,3.94,1.67,0.00815,Agressive,Sad
3.75,0.267,2.98,4.2,1.73,0.0127,Agressive,Sad
3.76,0.266,2.94,4.24,1.83,0.0128,Agressive,Sad
3.71,0.269,2.95,4.23,1.96,0.0121,Agressive,Sad
3.67,0.272,2.93,4.27,2.03,0.0122,Agressive,Sad
3.67,0.273,3,4.27,2.14,0.0116,Agressive,Sad
3.67,0.273,2.8,4.18,2.08,0.0102,Agressive,Sad
3.49,0.286,2.82,4.17,2.08,0.00795,Agressive,Sad
3.28,0.305,2.83,4.14,2.11,0.000883,Agressive,Sad
3.24,0.309,2.77,4.09,2.52,0.0113,Agressive,Sad
3.27,0.306,2.81,4.11,2.66,0.00799,Agressive,Sad
3.16,0.316,2.95,3.88,2.66,-0.0145,Agressive,Sad
3.15,0.317,2.98,3.78,2.67,-0.0272,Agressive,Sad
3.08,0.325,2.94,3.88,2.66,-0.0245,Agressive,Sad
2.92,0.342,2.91,3.93,2.56,-0.0115,Agressive,Sad
2.74,0.365,2.87,3.89,2.48,0.00346,Agressive,Sad
2.63,0.381,2.87,3.93,2.41,0.00918,Agressive,Sad
2.63,0.38,3.01,3.95,2.43,0.0185,Agressive,Sad
2.66,0.376,3.06,3.97,2.49,0.0194,Agressive,Sad
2.63,0.38,3.05,3.95,2.51,0.0128,Agressive,Sad
2.53,0.396,3.04,3.77,1.81,0.00637,Agressive,Sad
2.27,0.44,3.06,3.74,1.81,0.00418,Agressive,Sad
2.04,0.49,2.99,3.77,1.63,0.0199,Agressive,Sad
2.05,0.488,3.02,3.65,1.81,0.00983,Agressive,Sad
2.03,0.492,3.05,3.5,1.91,0.00432,Agressive,Sad
2.32,0.431,3.05,3.85,2.02,0.00176,Agressive,Sad
2.56,0.391,3.01,4.24,2.06,-0.0271,Agressive,Sad
2.67,0.375,2.8,4.41,2.06,-0.0432,Agressive,Sad
2.69,0.372,2.8,4.43,2.08,-0.0437,Agressive,Sad
2.66,0.376,2.66,4.39,2.02,-0.0353,Agressive,Sad
2.66,0.376,2.6,4.38,1.97,-0.0248,Agressive,Sad
2.58,0.387,2.6,4.4,2.21,-0.0287,Agressive,Sad
2.61,0.383,2.67,4.41,2.28,-0.0117,Agressive,Sad
2.76,0.362,2.75,4.45,2.36,0.00884,Agressive,Sad
2.91,0.343,2.77,4.5,2.25,0.00625,Agressive,Sad
2.96,0.338,2.91,4.42,2.25,-0.00085,Agressive,Sad
2.84,0.352,2.97,4.09,2.26,0.00516,Agressive,Sad
2.72,0.367,3.04,3.61,2.28,0.0314,Agressive,Sad
2.71,0.37,3.16,3.24,2.25,0.0554,Agressive,Sad
2.78,0.36,3.28,3.13,2.21,0.0423,Agressive,Sad
2.95,0.339,3.28,3.2,2.32,0.0049,Agressive,Sad
3.07,0.326,3.32,3.47,2.37,-0.00635,Agressive,Sad
3.12,0.32,3.3,3.57,2.33,-0.00418,Agressive,Sad
3.17,0.316,3.32,3.47,2.25,-0.00414,Agressive,Sad
3.08,0.325,3.36,3.3,2.2,-0.0111,Agressive,Sad
3.19,0.314,3.31,3.4,2.11,-0.0268,Agressive,Sad
3.39,0.295,3.33,3.67,2.04,-0.0353,Agressive,Sad
3.44,0.291,3.35,3.88,2.01,-0.0448,Agressive,Sad
3.45,0.289,3.37,4.09,2.01,-0.0532,Agressive,Sad
3.44,0.291,3.26,4.28,2.13,-0.0591,Agressive,Sad
3.39,0.295,3.17,4.42,2.02,-0.065,Agressive,Sad
3.36,0.298,3.25,4.41,2.07,-0.0708,Agressive,Sad
3.54,0.282,3.21,4.52,1.82,-0.0637,Agressive,Sad
3.69,0.271,3.21,4.94,1.81,-0.0523,Agressive,Sad
3.7,0.27,3.13,5.14,1.77,-0.0504,Agressive,Sad
3.68,0.272,2.96,5.15,1.78,-0.0448,Agressive,Sad
3.57,0.28,2.84,5.1,1.8,-0.0383,Agressive,Sad
3.46,0.289,2.76,5.07,1.8,-0.0313,Agressive,Sad
3.38,0.296,2.75,5.04,1.78,-0.0228,Agressive,Sad
3.34,0.3,2.64,4.97,1.8,-0.0189,Agressive,Sad
3.35,0.298,2.62,4.88,1.62,-0.0146,Agressive,Sad
3.36,0.297,2.64,4.82,1.55,-0.00376,Agressive,Sad
3.28,0.304,2.56,4.81,1.49,0.0157,Agressive,Sad
2.98,0.335,2.57,4.52,1.48,0.0424,Agressive,Sad
2.69,0.372,2.51,3.79,1.49,0.0422,Agressive,Sad
2.56,0.39,2.66,3.39,1.52,0.019,Agressive,Sad
2.42,0.413,2.7,3.56,1.47,0.0277,Agressive,Sad
2.28,0.438,2.71,3.65,1.69,0.0296,Agressive,Sad
2.39,0.419,2.69,3.6,1.84,0.0211,Agressive,Sad
2.51,0.399,2.69,3.54,2.04,0.0333,Agressive,Sad
2.49,0.402,2.68,3.52,2,0.036,Agressive,Sad
2.81,0.356,2.85,4.09,2.51,-0.0516,Happy,Happy
2.8,0.358,2.87,4.23,2.58,-0.0472,Happy,Happy
2.83,0.354,2.87,4.72,2.63,-0.0123,Happy,Happy
2.84,0.352,2.94,5.06,2.51,0.0107,Happy,Happy
2.75,0.364,2.97,5.16,2.61,0.0204,Happy,Happy
2.68,0.373,3.06,5.15,2.78,0.000936,Happy,Happy
2.68,0.373,3.07,5.14,2.7,-0.0196,Happy,Happy
2.58,0.387,2.97,5.15,2.61,-0.0153,Happy,Happy
2.36,0.424,2.87,5.25,2.7,0.0149,Happy,Happy
2.27,0.44,3.05,5.57,2.7,0.0409,Happy,Happy
2.44,0.41,3.08,5.87,2.65,0.05,Happy,Happy
2.53,0.396,3.15,5.94,2.59,0.0676,Happy,Happy
2.99,0.335,3.34,5.89,2.61,0.0551,Happy,Happy
3.62,0.276,3.36,5.83,2.56,0.0469,Happy,Happy
3.8,0.263,3.23,5.86,2.58,0.0445,Happy,Happy
3.82,0.262,3.19,5.91,2.26,0.0473,Happy,Happy
3.85,0.26,3.12,5.92,2.22,0.0531,Happy,Happy
3.91,0.256,3.11,5.93,2.2,0.0583,Happy,Happy
3.98,0.251,3.13,6,2.19,0.0597,Happy,Happy
4.04,0.248,3.2,6.03,1.86,0.0568,Happy,Happy
4.03,0.248,3.22,5.87,1.73,0.0567,Happy,Happy
4.07,0.246,3.14,5.55,1.74,0.0479,Happy,Happy
4.08,0.245,3.02,5.4,1.72,0.0398,Happy,Happy
3.87,0.258,2.87,5.32,1.69,0.0383,Happy,Happy
3.55,0.282,2.94,5.16,1.55,0.04,Happy,Happy
3.39,0.295,2.94,4.98,1.52,0.0391,Happy,Happy
3.41,0.293,2.96,4.92,1.48,0.0339,Happy,Happy
3.37,0.297,2.92,4.9,1.57,0.0166,Happy,Happy
3.28,0.305,2.99,4.79,1.64,-0.0104,Happy,Happy
3.1,0.323,2.99,4.45,1.69,-0.031,Happy,Happy
3.03,0.33,2.7,4.12,1.77,-0.0359,Happy,Happy
2.99,0.334,2.77,4.05,1.83,-0.0352,Happy,Happy
2.81,0.356,2.88,4.08,1.85,-0.0319,Happy,Happy
2.66,0.377,2.91,4.06,1.86,-0.025,Happy,Happy
2.61,0.383,2.82,4.08,1.94,-0.0325,Happy,Happy
2.35,0.426,2.81,3.93,2.06,-0.0752,Happy,Happy
2.2,0.455,2.84,3.45,2.11,-0.121,Happy,Happy
2.23,0.448,2.95,3.04,2.13,-0.1,Happy,Happy
2.22,0.45,2.95,2.83,2.09,-0.068,Happy,Happy
2.27,0.44,2.96,2.73,2.14,-0.045,Happy,Happy
2.36,0.424,2.93,2.73,2.3,-0.0448,Happy,Happy
2.45,0.408,2.92,2.8,2.35,-0.0564,Happy,Happy
2.46,0.407,2.9,3.3,2.31,-0.0621,Happy,Happy
2.47,0.405,2.84,3.97,2.35,-0.0574,Happy,Happy
2.59,0.386,3.02,4.32,2.36,-0.0491,Happy,Happy
2.62,0.382,3.08,4.42,2.32,-0.056,Happy,Happy
2.74,0.365,3.05,4.48,2.25,-0.0702,Happy,Happy
2.81,0.356,3.13,4.53,2.23,-0.0736,Happy,Happy
2.77,0.361,3.04,4.57,2.18,-0.0772,Happy,Happy
2.62,0.382,3.01,4.59,2.14,-0.0991,Happy,Happy
2.54,0.393,2.99,4.62,2.08,-0.0717,Happy,Happy
2.67,0.374,3.13,4.72,1.78,-0.00915,Happy,Happy
2.7,0.37,3.07,4.83,1.7,0.0147,Happy,Happy
2.72,0.368,2.97,4.77,1.64,0.0229,Happy,Happy
2.84,0.352,2.95,4.49,1.48,0.0325,Happy,Happy
2.89,0.346,2.91,4.21,1.51,0.0447,Happy,Happy
2.95,0.339,2.94,4.08,1.61,0.0713,Happy,Happy
3.1,0.323,3.07,4.01,1.63,0.0908,Happy,Happy
3.34,0.3,3.02,3.95,1.68,0.0642,Happy,Happy
3.54,0.283,3,3.92,1.79,0.0391,Happy,Happy
3.64,0.274,3.08,3.92,1.83,0.0289,Happy,Happy
3.67,0.272,3.09,3.94,1.78,0.0231,Happy,Happy
3.65,0.274,3.1,3.9,1.81,0.0165,Happy,Happy
3.69,0.271,3.17,3.79,1.87,0.0133,Happy,Happy
3.67,0.272,3.16,3.66,1.86,0.00738,Happy,Happy
3.66,0.273,3.15,3.7,1.83,-0.00377,Happy,Happy
3.73,0.268,3.01,3.73,1.7,-0.0134,Happy,Happy
3.74,0.268,2.94,3.67,1.6,-0.0259,Happy,Happy
3.58,0.279,2.78,3.66,1.52,-0.0398,Happy,Happy
3.4,0.294,2.79,3.72,1.39,-0.0397,Happy,Happy
3.24,0.309,2.75,3.7,1.26,-0.0358,Happy,Happy
3.15,0.318,2.69,3.66,1.18,-0.0311,Happy,Happy
3.14,0.318,2.51,3.41,1.18,-0.0348,Happy,Happy
3.11,0.322,2.42,3.11,1.14,-0.0559,Happy,Happy
3.06,0.327,2.29,3.06,1.03,-0.0635,Happy,Happy
3.01,0.332,2.45,3.17,1.1,-0.052,Happy,Happy
2.86,0.35,2.39,3.08,1.12,-0.0342,Happy,Happy
2.7,0.37,2.48,2.97,1.13,-0.0136,Happy,Happy
2.85,0.35,2.41,2.95,1.15,-0.0116,Happy,Happy
3.05,0.328,2.45,2.96,1.29,-0.0206,Happy,Happy
3.17,0.316,2.49,3.35,1.32,-0.0237,Happy,Happy
3.24,0.308,2.45,3.57,1.32,-0.0218,Happy,Happy
3.34,0.3,2.49,3.56,1.34,-0.0132,Happy,Happy
3.33,0.301,2.51,3.53,1.37,0.000217,Happy,Happy
3.29,0.304,2.53,3.5,1.4,0.011,Happy,Happy
3.3,0.303,2.76,3.47,2.26,0.00623,Happy,Happy
3.32,0.301,2.68,3.47,2.56,-0.0033,Happy,Happy
3.34,0.299,2.71,3.56,2.59,-0.00968,Happy,Happy
3.26,0.307,2.77,3.59,2.75,-0.0102,Happy,Happy
3.09,0.323,2.83,3.63,2.76,0.00111,Happy,Happy
2.9,0.345,2.87,3.62,2.77,0.0195,Happy,Happy
2.77,0.361,3.04,3.3,2.79,0.0327,Happy,Happy
2.55,0.392,3.11,3.15,2.82,0.0295,Happy,Happy
2.32,0.431,3.12,3.31,2.84,0.00933,Happy,Happy
2.22,0.451,3.15,3.4,2.82,-0.00291,Happy,Happy
2.16,0.462,3.24,3.41,2.77,-0.00253,Happy,Happy
2.16,0.463,3.17,3.42,2.28,0.0276,Happy,Happy
2.31,0.433,3.16,3.33,2.1,0.0753,Happy,Happy
2.65,0.377,3.18,3.24,2.05,0.0636,Happy,Happy
2.85,0.351,3.14,3.3,1.89,0.0482,Happy,Happy
2.93,0.341,3.11,3.27,1.85,0.0203,Happy,Happy
2.88,0.348,3.12,3.35,1.88,-0.00281,Happy,Happy
2.94,0.34,3.02,3.42,1.77,-0.000392,Happy,Happy
3.12,0.321,2.93,3.46,1.83,-0.00563,Happy,Happy
3.2,0.312,2.94,3.44,1.81,-0.0105,Happy,Happy
3.29,0.304,3.04,3.45,2.19,-0.00711,Happy,Happy
3.34,0.299,2.89,3.51,2.28,-0.00413,Happy,Happy
