alpha,arousal1,beta,theta,gamma,valence1,Stimuli (Audio),Respuesta
7.78,0.13,9.03,7.9,8.5,0,Happy,Happy
7.88,0.13,9.08,7.96,8.52,0,Happy,Happy
7.89,0.13,9.11,7.98,8.53,0,Happy,Happy
7.9,0.13,9.14,8.03,8.53,0,Happy,Happy
7.93,0.13,9.15,8.13,8.53,0,Happy,Happy
7.97,0.13,9.15,8.23,8.53,0,Happy,Happy
7.98,0.13,9.15,8.29,8.53,-0.01,Happy,Happy
7.98,0.13,9.15,8.33,8.49,-0.01,Happy,Happy
7.98,0.13,7.53,8.33,5.49,-0.01,Happy,Happy
7.8,0.13,7.14,8.1,5.41,-0.01,Happy,Happy
7.01,0.14,7.02,7.62,5.38,-0.01,Happy,Happy
6.05,0.17,6.96,7.37,5.04,-0.03,Happy,Happy
5.9,0.17,6.3,7.39,4.26,-0.04,Happy,Happy
5.74,0.17,6.01,7.36,3.88,-0.05,Happy,Happy
5.7,0.18,4.94,7.16,3.6,-0.05,Happy,Happy
5.17,0.19,4.65,6.75,3.77,-0.05,Happy,Happy
4.53,0.22,4.58,6.33,3.77,-0.03,Happy,Happy
4.48,0.22,4.71,5.95,3.97,-0.02,Happy,Happy
4.42,0.23,4.64,5.7,3.96,-0.02,Happy,Happy
4.28,0.23,4.54,5.58,4.04,-0.01,Happy,Happy
4.05,0.25,4.36,5.25,4.18,-0.01,Happy,Happy
3.71,0.27,4.31,4.97,4.18,0,Happy,Happy
3.55,0.28,4.3,4.58,4.2,0.01,Happy,Happy
3.53,0.28,4.32,4.01,4.21,0.01,Happy,Happy
3.42,0.29,4.33,3.88,4.17,0,Happy,Happy
3.47,0.29,4.27,3.86,4.13,0,Happy,Happy
3.6,0.28,4.33,3.87,4.02,-0.01,Happy,Happy
3.57,0.28,4.31,3.89,3.98,-0.02,Happy,Happy
3.44,0.29,4.01,3.73,3.7,-0.03,Happy,Happy
3.39,0.3,3.99,3.53,3.73,-0.04,Happy,Happy
3.55,0.28,4.05,3.56,3.31,-0.04,Happy,Happy
3.62,0.28,4.06,3.58,3.23,-0.05,Happy,Happy
3.59,0.28,4.06,3.55,3.24,-0.06,Happy,Happy
3.6,0.28,3.96,3.56,3.22,-0.06,Happy,Happy
3.7,0.27,3.92,3.5,3.23,-0.05,Happy,Happy
3.81,0.26,3.94,3.46,3.22,-0.05,Happy,Happy
3.78,0.26,3.86,3.52,3.01,-0.06,Happy,Happy
3.65,0.27,3.72,3.61,3.19,-0.06,Happy,Happy
3.55,0.28,3.68,3.71,3.2,-0.06,Happy,Happy
3.61,0.28,3.66,3.71,3.26,-0.06,Happy,Happy
3.58,0.28,3.77,3.66,3.34,-0.07,Happy,Happy
3.47,0.29,3.54,3.67,3.29,-0.06,Happy,Happy
3.35,0.3,3.39,3.66,3.32,-0.05,Happy,Happy
3.32,0.3,3.4,3.61,3.35,-0.04,Happy,Happy
3.26,0.31,3.54,3.63,3.33,-0.05,Happy,Happy
3.09,0.32,3.87,3.65,3.62,-0.06,Happy,Happy
2.99,0.33,4,3.66,3.6,-0.06,Happy,Happy
3.01,0.33,4.07,3.72,3.77,-0.03,Happy,Happy
3.11,0.32,4.11,3.93,3.74,-0.01,Happy,Happy
3.19,0.31,4.15,4.22,3.69,0.01,Happy,Happy
3.22,0.31,4.38,4.33,3.74,0.03,Happy,Happy
3.14,0.32,4.44,4.31,3.87,0.04,Happy,Happy
3.1,0.32,4.48,4.4,4.01,0.04,Happy,Happy
3.06,0.33,4.6,4.6,4.01,0.03,Happy,Happy
3.07,0.33,4.59,4.74,4.1,0.03,Happy,Happy
3.03,0.33,4.58,4.78,4.04,0.04,Happy,Happy
2.99,0.33,4.45,4.78,4.11,0.05,Happy,Happy
3.03,0.33,4.41,4.85,4.16,0.03,Happy,Happy
2.99,0.33,4.3,4.94,4.01,0.02,Happy,Happy
3.06,0.33,4.32,4.83,4.03,-0.01,Happy,Happy
3.18,0.31,4.35,4.74,4.07,-0.04,Happy,Happy
3.24,0.31,4.01,4.89,4.1,-0.05,Happy,Happy
3.29,0.3,4.03,4.97,3.93,-0.04,Happy,Happy
3.32,0.3,3.95,4.87,3.84,-0.04,Happy,Happy
3.38,0.3,3.85,4.69,3.81,-0.03,Happy,Happy
3.39,0.29,3.65,4.59,3.7,-0.03,Happy,Happy
3.47,0.29,3.68,4.59,3.68,-0.02,Happy,Happy
3.62,0.28,3.75,4.53,3.44,-0.01,Happy,Happy
3.61,0.28,3.7,4.38,3.61,-0.01,Happy,Happy
3.56,0.28,3.78,4.29,3.57,-0.01,Happy,Happy
3.48,0.29,3.73,4.3,3.64,0,Happy,Happy
3.25,0.31,3.91,4.24,3.69,0.01,Happy,Happy
3.21,0.31,4.13,4.11,3.72,0.01,Happy,Happy
3.38,0.3,4.13,4.29,3.78,-0.01,Happy,Happy
3.47,0.29,4.07,4.4,3.77,-0.02,Happy,Happy
3.48,0.29,4.08,4.43,3.86,-0.02,Happy,Happy
3.45,0.29,4.08,4.47,3.84,-0.02,Happy,Happy
3.29,0.3,4.08,4.46,3.83,-0.02,Happy,Happy
3.24,0.31,4.08,4.44,3.77,-0.02,Happy,Happy
3.31,0.3,4.11,4.36,3.89,-0.03,Happy,Happy
3.3,0.3,4.11,4.39,3.97,-0.03,Happy,Happy
3.35,0.3,4.15,4.49,3.9,-0.02,Happy,Happy
3.35,0.3,3.7,4.42,3.71,-0.01,Happy,Happy
3.19,0.31,3.6,4.28,3.66,-0.01,Happy,Happy
3.03,0.33,3.74,4.35,3.69,0.02,Happy,Happy
3,0.33,3.82,4.43,3.73,0.05,Happy,Happy
3.06,0.33,3.95,4.38,3.86,0.05,Happy,Happy
3.1,0.32,3.92,4.33,3.9,0.05,Happy,Happy
3.04,0.33,3.88,4.33,3.91,0.05,Happy,Happy
2.87,0.35,3.9,4.32,3.81,0.07,Happy,Happy
2.82,0.35,3.84,4.27,3.69,0.11,Happy,Happy
2.85,0.35,3.83,4.16,3.57,0.12,Happy,Happy
2.84,0.35,3.77,4.08,3.62,0.11,Happy,Happy
2.84,0.35,3.71,4.03,3.63,0.12,Happy,Happy
2.72,0.37,3.66,3.8,3.53,0.14,Happy,Happy
2.79,0.36,3.56,3.56,3.55,0.09,Happy,Happy
3.09,0.32,3.42,3.84,3.27,0.05,Happy,Happy
3.49,0.29,3.27,4.27,3.14,0.02,Happy,Happy
3.67,0.27,3.32,4.38,3.16,0.02,Happy,Happy
3.74,0.27,3.21,4.41,3.2,0.03,Happy,Happy
3.82,0.26,3.57,4.49,3.07,0.03,Happy,Happy
3.84,0.26,3.64,4.56,3.29,0.02,Happy,Happy
3.91,0.26,3.83,4.57,3.32,0.02,Happy,Happy
3.96,0.25,3.98,4.51,3.46,0.02,Happy,Happy
3.97,0.25,4.1,4.49,3.52,0.02,Happy,Happy
3.95,0.25,4.21,4.45,3.64,0.02,Happy,Happy
3.88,0.26,4.21,4.31,3.66,0.02,Happy,Happy
2.88,0.35,3.18,3.46,2.85,-0.02,Happy,Calm
2.91,0.34,3.68,3.45,2.86,-0.01,Happy,Calm
3.12,0.32,3.66,4.2,2.72,0,Happy,Calm
3.7,0.27,3.57,5.09,2.56,0.01,Happy,Calm
3.79,0.26,3.58,5.4,2.56,0.02,Happy,Calm
3.76,0.27,3.69,5.43,2.51,0.02,Happy,Calm
3.79,0.26,3.7,5.47,2.46,0.02,Happy,Calm
3.78,0.26,3.71,5.55,2.59,0.02,Happy,Calm
3.72,0.27,3.75,5.57,2.67,0.02,Happy,Calm
3.7,0.27,3.75,5.56,2.65,0.02,Happy,Calm
3.7,0.27,3.74,5.55,2.68,0.03,Happy,Calm
3.65,0.27,3.56,5.54,2.59,0.03,Happy,Calm
3.63,0.28,3.24,5.51,2.7,0.02,Happy,Calm
3.21,0.31,3.29,5.24,2.64,0.03,Happy,Calm
2.38,0.42,3.27,4.61,2.72,0.02,Happy,Calm
1.84,0.54,3.21,4.05,2.78,-0.01,Happy,Calm
1.53,0.65,2.99,4.03,2.9,-0.06,Happy,Calm
1.52,0.66,3.04,3.77,2.85,-0.07,Happy,Calm
1.97,0.51,3.02,3.14,2.88,-0.05,Happy,Calm
2.25,0.44,3.32,2.87,2.62,-0.04,Happy,Calm
2.35,0.42,3.32,2.89,2.63,-0.05,Happy,Calm
2.39,0.42,3.35,2.84,2.71,-0.07,Happy,Calm
2.45,0.41,3.42,2.94,2.71,-0.07,Happy,Calm
2.47,0.4,3.41,2.94,2.63,-0.09,Happy,Calm
2.65,0.38,3.42,2.97,2.63,-0.08,Happy,Calm
2.89,0.35,3.4,3.02,2.51,-0.08,Happy,Calm
3.03,0.33,3.48,3.03,2.55,-0.08,Happy,Calm
3.07,0.33,3.61,3.2,2.46,-0.07,Happy,Calm
2.99,0.33,3.63,3.34,2.82,-0.07,Happy,Calm
2.83,0.35,3.53,3.35,2.99,-0.08,Happy,Calm
2.74,0.37,3.38,3.43,3.08,-0.09,Happy,Calm
2.71,0.37,3.39,3.55,3.2,-0.06,Happy,Calm
2.68,0.37,3.4,3.56,3.22,-0.03,Happy,Calm
2.63,0.38,3.3,3.59,3.31,-0.01,Happy,Calm
2.62,0.38,3.35,3.81,3.37,-0.01,Happy,Calm
2.41,0.41,3.38,3.97,3.41,0,Happy,Calm
1.9,0.53,3.44,4.04,3.46,0.05,Happy,Calm
1.65,0.61,3.27,4.09,3.45,0.09,Happy,Calm
1.54,0.65,3.2,4.08,3.47,0.1,Happy,Calm
1.78,0.56,3.31,4.08,3.34,0.08,Happy,Calm
1.88,0.53,3.53,4.05,3.36,0.09,Happy,Calm
1.89,0.53,3.51,3.95,3.37,0.09,Happy,Calm
2.15,0.46,3.58,3.9,3.26,0.07,Happy,Calm
2.44,0.41,3.97,3.9,3.41,0.04,Happy,Calm
2.75,0.36,4.38,4.13,3.38,0.01,Happy,Calm
3.13,0.32,4.94,5.27,3.4,-0.01,Happy,Calm
3.93,0.25,4.98,6.29,3.44,0.01,Happy,Calm
5.01,0.2,5.02,6.81,3.46,0.01,Happy,Calm
5.57,0.18,5.07,7.04,3.53,0.02,Happy,Calm
5.7,0.18,5.06,7.08,3.51,0.01,Happy,Calm
5.73,0.17,5.18,7.08,3.74,0.01,Happy,Calm
5.73,0.17,5.35,7.09,3.9,0.01,Happy,Calm
5.76,0.17,5.37,7.09,4.04,0,Happy,Calm
5.79,0.17,5.4,7.09,4.14,0,Happy,Calm
5.79,0.17,5.31,7.09,4.19,0,Happy,Calm
5.78,0.17,5.15,7.08,4.18,0,Happy,Calm
5.78,0.17,5.22,6.93,4.27,0,Happy,Calm
5.66,0.18,5.23,6.36,4.36,0,Happy,Calm
5.03,0.2,5.21,5.28,4.35,-0.03,Happy,Calm
4.45,0.22,5.19,4.53,4.42,-0.1,Happy,Calm
4.14,0.24,5.17,4.59,4.53,-0.12,Happy,Calm
4.18,0.24,4.94,5.08,4.4,-0.11,Happy,Calm
4.23,0.24,4.87,5.25,4.34,-0.1,Happy,Calm
4.24,0.24,4.82,5.27,4.27,-0.07,Happy,Calm
4.22,0.24,4.81,5.26,4.3,-0.06,Happy,Calm
4.23,0.24,4.63,5.25,4.22,-0.06,Happy,Calm
4.22,0.24,4.2,5.23,4.19,-0.05,Happy,Calm
4.14,0.24,3.89,5.21,4.07,-0.04,Happy,Calm
4.05,0.25,3.93,5.1,4,-0.03,Happy,Calm
3.93,0.25,3.85,5,3.95,-0.02,Happy,Calm
3.92,0.25,3.9,5,3.77,-0.02,Happy,Calm
3.9,0.26,3.94,4.75,3.68,-0.02,Happy,Calm
3.75,0.27,3.94,3.89,3.72,-0.02,Happy,Calm
3.5,0.29,3.98,2.87,3.71,-0.03,Happy,Calm
3.19,0.31,3.93,2.99,3.77,-0.06,Happy,Calm
2.94,0.34,3.92,3.28,3.82,-0.07,Happy,Calm
2.78,0.36,3.93,3.35,3.88,-0.06,Happy,Calm
2.93,0.34,3.99,3.38,3.85,-0.08,Happy,Calm
3.17,0.32,3.95,3.34,3.85,-0.07,Happy,Calm
3.23,0.31,4.05,3.35,3.78,-0.06,Happy,Calm
3.18,0.31,4.04,3.39,3.8,-0.05,Happy,Calm
3.1,0.32,3.91,3.56,3.81,-0.04,Happy,Calm
3.06,0.33,3.84,3.71,3.56,-0.03,Happy,Calm
3.03,0.33,3.77,3.74,3.55,-0.02,Happy,Calm
2.96,0.34,3.65,3.78,3.55,-0.01,Happy,Calm
2.88,0.35,3.58,3.82,3.24,0.01,Happy,Calm
2.87,0.35,3.63,3.75,3.07,0,Happy,Calm
2.77,0.36,3.61,3.72,3.03,0,Happy,Calm
2.52,0.4,3.57,3.94,3.03,0.01,Happy,Calm
2.24,0.45,3.55,4.41,3,0.04,Happy,Calm
2.06,0.49,3.39,4.77,3.02,0.07,Happy,Calm
1.96,0.51,3.32,4.85,2.84,0.06,Happy,Calm
2.13,0.47,3.25,4.81,2.82,0.06,Happy,Calm
2.24,0.45,3.33,4.79,2.96,0.07,Happy,Calm
2.36,0.42,3.44,4.8,3.02,0.08,Happy,Calm
2.46,0.41,3.39,4.77,3.24,0.08,Happy,Calm
2.5,0.4,3.41,4.75,3.21,0.09,Happy,Calm
2.46,0.41,3.31,4.73,3.18,0.11,Happy,Calm
2.45,0.41,3.41,4.72,3.27,0.12,Happy,Calm
2.55,0.39,3.51,4.64,3.32,0.07,Happy,Calm
2.56,0.39,3.43,4.35,3.31,0.02,Happy,Calm
2.55,0.39,3.46,4,3.33,0.02,Happy,Calm
2.56,0.39,3.68,3.86,3.34,0.03,Happy,Calm
2.5,0.4,3.79,3.86,3.41,0,Happy,Calm
2.61,0.38,3.74,3.85,3.34,-0.05,Happy,Calm
2.89,0.35,3.76,3.86,3.06,-0.05,Happy,Calm
2.97,0.34,4.25,4.09,3.9,-0.02,Sad,Sad
2.69,0.37,4.24,4.07,3.93,0,Sad,Sad
2.27,0.44,4.61,4.32,4.08,0.05,Sad,Sad
2.66,0.38,4.77,4.92,4.19,0.05,Sad,Sad
3.09,0.32,4.81,5.23,4.26,0.02,Sad,Sad
3.3,0.3,4.8,5.33,4.32,-0.01,Sad,Sad
3.28,0.31,4.8,5.48,4.47,-0.02,Sad,Sad
3.37,0.3,4.76,5.54,4.58,-0.02,Sad,Sad
3.47,0.29,4.83,5.57,4.6,-0.02,Sad,Sad
3.59,0.28,4.89,5.63,4.51,-0.02,Sad,Sad
3.67,0.27,4.9,5.63,4.63,-0.01,Sad,Sad
3.7,0.27,5.12,5.62,4.62,-0.01,Sad,Sad
3.71,0.27,5.08,5.63,4.55,-0.01,Sad,Sad
3.69,0.27,4.93,5.54,4.44,-0.01,Sad,Sad
3.5,0.29,4.82,5.17,4.39,-0.02,Sad,Sad
3.16,0.32,4.76,4.77,4.43,-0.01,Sad,Sad
3.07,0.33,4.72,4.54,4.56,0,Sad,Sad
3.05,0.33,4.73,4.26,4.6,0,Sad,Sad
2.93,0.34,4.79,4.21,4.65,0.01,Sad,Sad
2.85,0.35,4.58,4.01,4.65,0.01,Sad,Sad
3.1,0.32,4.61,3.75,4.77,-0.03,Sad,Sad
3.2,0.31,4.54,3.92,4.71,-0.05,Sad,Sad
3.15,0.32,4.32,4.13,4.73,-0.06,Sad,Sad
3.16,0.32,4.45,4.18,4.74,-0.06,Sad,Sad
3.2,0.31,4.91,4.15,5.11,-0.07,Sad,Sad
3.53,0.28,5.28,4.16,5.34,-0.04,Sad,Sad
4.07,0.25,5.31,4.28,5.39,-0.02,Sad,Sad
4.39,0.23,5.37,4.29,5.63,-0.01,Sad,Sad
4.46,0.22,5.49,4.26,5.61,-0.01,Sad,Sad
4.46,0.22,5.55,4.25,5.68,-0.01,Sad,Sad
4.43,0.23,5.63,4.27,5.92,-0.01,Sad,Sad
4.34,0.23,6.01,4.27,6.07,0,Sad,Sad
4.31,0.23,6.15,4.1,6.35,0,Sad,Sad
4.32,0.23,6.16,3.91,6.51,0,Sad,Sad
4.34,0.23,6.29,3.86,6.59,0,Sad,Sad
4.4,0.23,6.12,3.88,6.57,-0.01,Sad,Sad
4.26,0.23,6.31,4.24,6.71,-0.01,Sad,Sad
3.99,0.25,6.32,4.81,6.72,-0.02,Sad,Sad
4.08,0.24,6.33,5.06,6.83,-0.02,Sad,Sad
4.3,0.23,6.38,5.16,6.96,-0.01,Sad,Sad
4.39,0.23,6.47,5.25,7.23,-0.01,Sad,Sad
4.44,0.23,6.42,5.24,7.17,-0.01,Sad,Sad
4.44,0.23,6.29,5.22,7.15,-0.01,Sad,Sad
4.44,0.23,6.18,5.24,7.01,-0.01,Sad,Sad
4.44,0.23,6.15,5.25,7.05,-0.01,Sad,Sad
4.42,0.23,6.03,5.32,7.07,-0.01,Sad,Sad
4.37,0.23,5.95,5.33,6.96,0,Sad,Sad
4.35,0.23,5.76,5.15,6.96,0,Sad,Sad
4.2,0.24,5.83,4.74,6.98,0,Sad,Sad
3.64,0.27,5.75,4.34,6.91,0.01,Sad,Sad
3.51,0.29,5.64,4.01,6.57,0.01,Sad,Sad
3.58,0.28,5.37,3.85,6.27,0.01,Sad,Sad
3.48,0.29,5.36,3.85,6.32,0.01,Sad,Sad
3.51,0.29,5.49,3.86,6.34,0.01,Sad,Sad
3.69,0.27,5.5,3.83,6.24,0,Sad,Sad
3.84,0.26,5.71,3.71,6.13,0,Sad,Sad
3.81,0.26,5.74,3.3,6.01,0,Sad,Sad
3.82,0.26,5.79,3.06,6.09,0,Sad,Sad
3.9,0.26,5.8,3.52,5.9,0,Sad,Sad
4.09,0.24,5.66,4.17,5.83,0,Sad,Sad
4.19,0.24,5.62,4.63,5.65,0,Sad,Sad
4.1,0.24,5.67,4.79,5.59,0,Sad,Sad
4.01,0.25,5.64,4.84,5.51,0,Sad,Sad
4,0.25,5.65,4.87,5.4,0,Sad,Sad
3.95,0.25,5.54,4.86,5.39,0.01,Sad,Sad
3.77,0.27,5.42,4.88,5.45,0.01,Sad,Sad
3.8,0.26,5.62,4.97,5.5,0.02,Sad,Sad
4.1,0.24,5.63,5.14,5.48,0.02,Sad,Sad
4.35,0.23,5.46,5.38,5.35,0.01,Sad,Sad
4.36,0.23,5.48,5.55,5.22,0.01,Sad,Sad
4.23,0.24,5.53,5.54,5.13,0,Sad,Sad
4.18,0.24,5.7,5.43,5.4,0,Sad,Sad
4.39,0.23,5.69,5.44,5.41,0.01,Sad,Sad
4.73,0.21,5.79,5.67,6.07,0.01,Sad,Sad
4.85,0.21,5.77,5.81,6.16,0.01,Sad,Sad
4.89,0.2,5.87,5.9,6.19,0.01,Sad,Sad
4.94,0.2,5.96,5.95,6.15,0.01,Sad,Sad
4.92,0.2,5.91,5.91,6.09,0,Sad,Sad
4.77,0.21,6.02,5.85,6.12,0,Sad,Sad
4.63,0.22,6.23,5.76,6.23,0.01,Sad,Sad
4.6,0.22,6.24,5.62,6.27,0.01,Sad,Sad
4.62,0.22,6.23,5.58,6.22,0.01,Sad,Sad
4.59,0.22,6.18,5.65,6.19,0.01,Sad,Sad
4.45,0.22,6.28,5.5,6.26,0.01,Sad,Sad
4.01,0.25,6.29,5.26,5.81,-0.01,Sad,Sad
3.9,0.26,6.26,5.42,5.83,-0.01,Sad,Sad
3.8,0.26,6.16,5.46,5.75,-0.01,Sad,Sad
3.6,0.28,6.15,5.38,5.78,0.01,Sad,Sad
3.77,0.27,6.1,5.43,5.74,0.01,Sad,Sad
3.95,0.25,5.96,5.51,5.74,0,Sad,Sad
3.96,0.25,5.73,5.54,5.59,0,Sad,Sad
3.9,0.26,5.69,5.51,5.54,0,Sad,Sad
3.83,0.26,5.65,5.37,5.6,0,Sad,Sad
3.71,0.27,5.52,5.25,5.6,0,Sad,Sad
3.52,0.28,5.3,5.23,5.3,-0.01,Sad,Sad
3.51,0.29,5.09,5.07,5.03,-0.01,Sad,Sad
3.72,0.27,5.12,5.01,5.08,0,Sad,Sad
4.15,0.24,5.06,5.25,5.12,0,Sad,Sad
4.23,0.24,4.76,5.36,5.1,-0.01,Sad,Sad
4.06,0.25,4.76,5.26,5.14,0,Sad,Sad
4.06,0.25,4.83,5.15,5.07,0,Sad,Sad
4.15,0.24,4.83,5.19,5.13,-0.01,Sad,Sad
4.23,0.24,4.79,5.21,5.13,-0.01,Sad,Sad
4.31,0.23,4.78,5.22,5.1,-0.01,Sad,Sad
4.31,0.23,4.86,5.22,5.07,-0.01,Sad,Sad
4.34,0.23,4.84,5.23,5.11,-0.01,Sad,Sad
4.36,0.23,4.94,5.13,5.21,-0.01,Sad,Sad
3.74,0.27,6.16,4.28,7.09,-0.01,Agressive,Agressive
3.67,0.27,6.22,4.41,7.12,-0.01,Agressive,Agressive
3.57,0.28,6.33,4.43,7.11,-0.01,Agressive,Agressive
3.64,0.28,6.29,4.3,7.13,-0.01,Agressive,Agressive
3.81,0.26,6.51,4.12,7.33,-0.01,Agressive,Agressive
3.99,0.25,6.57,4.12,7.3,-0.01,Agressive,Agressive
4.04,0.25,6.71,4.33,7.05,-0.01,Agressive,Agressive
4.24,0.24,6.67,4.59,6.99,-0.01,Agressive,Agressive
4.41,0.23,6.65,4.92,6.96,0,Agressive,Agressive
4.41,0.23,6.65,5.2,6.91,-0.01,Agressive,Agressive
4.5,0.22,6.53,5.22,6.9,-0.01,Agressive,Agressive
4.54,0.22,6.51,5.16,6.79,-0.01,Agressive,Agressive
4.47,0.22,6.48,5.26,6.69,-0.01,Agressive,Agressive
4.47,0.22,6.37,5.35,6.53,-0.01,Agressive,Agressive
4.51,0.22,6.32,5.36,6.36,-0.01,Agressive,Agressive
4.59,0.22,5.91,5.36,5.65,-0.01,Agressive,Agressive
4.53,0.22,5.71,5.31,5.39,-0.01,Agressive,Agressive
4.48,0.22,5.15,5.2,5.02,-0.01,Agressive,Agressive
4.4,0.23,5.01,5.06,4.74,-0.01,Agressive,Agressive
4.34,0.23,4.96,4.75,4.69,-0.01,Agressive,Agressive
4.27,0.23,4.81,4.25,4.69,0,Agressive,Agressive
4.1,0.24,4.75,4.08,4.59,0,Agressive,Agressive
4.02,0.25,4.57,3.86,4.63,0,Agressive,Agressive
3.98,0.25,4.52,3.06,4.66,0,Agressive,Agressive
3.91,0.26,4.55,2.71,4.5,0,Agressive,Agressive
3.52,0.28,4.44,2.56,4.56,0.01,Agressive,Agressive
3.1,0.32,4.69,2.61,4.58,0.04,Agressive,Agressive
3.14,0.32,4.75,2.81,4.58,0.04,Agressive,Agressive
3.06,0.33,4.76,2.88,4.52,0.01,Agressive,Agressive
2.76,0.36,4.78,2.92,4.41,-0.02,Agressive,Agressive
2.49,0.4,4.74,3.04,4.44,-0.04,Agressive,Agressive
2.57,0.39,4.78,3.08,4.41,-0.03,Agressive,Agressive
2.66,0.38,4.99,3.05,4.34,-0.03,Agressive,Agressive
2.75,0.36,5.06,3.08,4.32,-0.03,Agressive,Agressive
2.71,0.37,5,3.14,4.22,-0.01,Agressive,Agressive
2.72,0.37,5.04,3.16,4.42,-0.01,Agressive,Agressive
2.73,0.37,4.81,3.28,4.3,-0.01,Agressive,Agressive
2.92,0.34,4.67,3.24,4.23,0.03,Agressive,Agressive
3.29,0.3,4.7,3.11,4.22,0.04,Agressive,Agressive
3.52,0.28,4.67,3.07,4.19,0.03,Agressive,Agressive
3.55,0.28,4.69,3.34,4.2,0.03,Agressive,Agressive
3.55,0.28,4.68,3.95,4.23,0.04,Agressive,Agressive
3.54,0.28,4.62,4.17,4.24,0.04,Agressive,Agressive
3.52,0.28,4.31,4.14,4.05,0.04,Agressive,Agressive
3.53,0.28,4.32,4.11,4.08,0.04,Agressive,Agressive
3.55,0.28,4.7,4.11,3.89,0.04,Agressive,Agressive
3.59,0.28,4.62,4.21,3.88,0.04,Agressive,Agressive
3.62,0.28,4.68,4.33,3.98,0.03,Agressive,Agressive
3.54,0.28,4.75,4.36,4.27,0.02,Agressive,Agressive
3.16,0.32,4.75,4.38,4.27,0,Agressive,Agressive
2.86,0.35,4.71,4.47,4.49,0,Agressive,Agressive
2.94,0.34,4.99,4.36,4.87,0.02,Agressive,Agressive
2.89,0.35,5.01,4.37,4.88,0.01,Agressive,Agressive
3.01,0.33,5.04,4.83,4.89,0,Agressive,Agressive
3.19,0.31,5.15,5.06,5.11,0,Agressive,Agressive
3.19,0.31,5.09,5.07,5.15,0,Agressive,Agressive
3.33,0.3,5.02,5.09,5.26,-0.02,Agressive,Agressive
3.51,0.28,5.07,5.09,5.29,-0.02,Agressive,Agressive
3.46,0.29,5.07,5.04,5.25,-0.02,Agressive,Agressive
3.43,0.29,5.04,5.03,5.19,-0.01,Agressive,Agressive
3.41,0.29,5.07,5,5.21,-0.01,Agressive,Agressive
3.4,0.29,5.07,4.97,4.9,-0.02,Agressive,Agressive
3.47,0.29,4.9,4.9,4.83,-0.01,Agressive,Agressive
3.54,0.28,4.97,4.65,4.9,0,Agressive,Agressive
3.47,0.29,4.85,4.16,4.8,0.01,Agressive,Agressive
3.31,0.3,4.66,3.72,4.56,0.01,Agressive,Agressive
3.31,0.3,4.6,3.73,4.61,0.02,Agressive,Agressive
3,0.33,4.6,3.61,4.45,0.06,Agressive,Agressive
2.86,0.35,4.53,3.7,4.41,0.09,Agressive,Agressive
2.87,0.35,4.5,3.95,4.39,0.1,Agressive,Agressive
2.85,0.35,4.72,3.99,4.47,0.07,Agressive,Agressive
3.05,0.33,4.77,3.98,4.55,0.02,Agressive,Agressive
3.12,0.32,4.75,3.91,4.57,0.01,Agressive,Agressive
3.06,0.33,4.65,3.88,4.48,0,Agressive,Agressive
2.98,0.34,4.68,3.99,4.65,-0.01,Agressive,Agressive
2.98,0.34,4.71,4.18,4.63,-0.01,Agressive,Agressive
2.97,0.34,4.75,4.34,4.68,-0.01,Agressive,Agressive
3.07,0.33,4.96,4.39,4.7,0,Agressive,Agressive
3.16,0.32,5.07,4.37,4.74,0.01,Agressive,Agressive
3.1,0.32,5.06,4.29,4.71,0,Agressive,Agressive
3.09,0.32,5.04,4.19,4.7,-0.01,Agressive,Agressive
2.98,0.34,4.92,4.17,4.66,0.02,Agressive,Agressive
2.81,0.36,5.05,4.23,4.84,0.07,Agressive,Agressive
2.83,0.35,5.08,4.28,4.88,0.1,Agressive,Agressive
2.78,0.36,5.02,4.22,4.98,0.11,Agressive,Agressive
2.82,0.35,4.99,4.05,4.93,0.11,Agressive,Agressive
3.13,0.32,4.95,3.91,4.92,0.07,Agressive,Agressive
3.47,0.29,4.86,3.89,4.85,0.03,Agressive,Agressive
3.67,0.27,4.72,4.01,4.71,0,Agressive,Agressive
3.88,0.26,4.68,4.04,4.69,0,Agressive,Agressive
4.1,0.24,4.67,4.15,4.68,0.01,Agressive,Agressive
4.29,0.23,4.68,4.34,4.67,0.02,Agressive,Agressive
4.44,0.23,4.59,4.54,4.6,0.02,Agressive,Agressive
4.67,0.21,4.35,4.54,4.33,0.01,Agressive,Agressive
5.01,0.2,4.38,4.65,4.19,0,Agressive,Agressive
5.23,0.19,4.36,4.68,3.84,-0.01,Agressive,Agressive
5.27,0.19,4.54,4.67,3.97,-0.01,Agressive,Agressive
5.24,0.19,4.5,4.62,4.02,-0.01,Agressive,Agressive
5.19,0.19,4.4,4.6,4.16,-0.01,Agressive,Agressive
5.13,0.2,4.29,4.67,4.19,-0.01,Agressive,Agressive
5.07,0.2,4.36,4.73,4.16,-0.01,Agressive,Agressive
5.01,0.2,4.39,4.63,4.15,-0.02,Agressive,Agressive
4.97,0.2,4.4,4.51,4.2,-0.03,Agressive,Agressive
4.93,0.2,4.29,4.69,4.13,-0.03,Agressive,Agressive
4.69,0.21,4.28,4.83,4.11,-0.05,Agressive,Agressive
4.32,0.23,4.25,4.74,4.17,-0.06,Agressive,Agressive
4.26,0.23,4.29,4.83,4.21,-0.07,Agressive,Agressive
3.09,0.32,3.92,3.64,3.87,0.04,Calm,Sad
3.19,0.31,3.75,4.27,3.81,0.04,Calm,Sad
3.2,0.31,3.63,4.54,3.92,0.05,Calm,Sad
3.21,0.31,3.63,4.57,3.92,0.04,Calm,Sad
3.19,0.31,3.62,4.61,3.76,0.04,Calm,Sad
3.15,0.32,3.73,4.61,3.67,0.03,Calm,Sad
3.11,0.32,3.67,4.59,3.64,0.02,Calm,Sad
3.1,0.32,3.66,4.58,3.57,0.01,Calm,Sad
3.1,0.32,3.75,4.58,3.51,0,Calm,Sad
3.12,0.32,3.7,4.6,3.34,0,Calm,Sad
3.09,0.32,3.68,4.58,3.27,-0.02,Calm,Sad
2.89,0.35,3.61,4.29,3.24,-0.04,Calm,Sad
2.56,0.39,3.48,3.84,3.21,-0.07,Calm,Sad
2.59,0.39,3.42,3.78,3.07,-0.07,Calm,Sad
2.65,0.38,3.45,3.84,3.06,-0.08,Calm,Sad
2.61,0.38,3.43,3.75,2.73,-0.09,Calm,Sad
2.32,0.43,3.2,3.7,2.62,-0.1,Calm,Sad
2.33,0.43,3.14,3.7,2.84,-0.08,Calm,Sad
2.85,0.35,3.11,3.72,3.05,-0.05,Calm,Sad
3.08,0.33,3.11,3.68,3.06,-0.05,Calm,Sad
3.09,0.32,3.19,3.58,3.38,-0.05,Calm,Sad
3.1,0.32,3.22,3.5,3.43,-0.05,Calm,Sad
3.1,0.32,3.31,3.33,3.58,-0.05,Calm,Sad
3.09,0.32,3.34,3.26,3.64,-0.04,Calm,Sad
3.06,0.33,3.47,3.98,3.87,-0.04,Calm,Sad
2.98,0.34,3.84,4.46,4.11,-0.05,Calm,Sad
3.33,0.3,3.96,4.62,4.28,-0.04,Calm,Sad
3.72,0.27,3.99,4.86,4.37,-0.04,Calm,Sad
3.78,0.26,4.07,5,4.51,-0.04,Calm,Sad
3.69,0.27,4.1,5.07,4.6,-0.04,Calm,Sad
3.66,0.27,4.23,5.1,4.65,-0.03,Calm,Sad
3.67,0.27,4.31,5.1,4.64,-0.03,Calm,Sad
3.73,0.27,4.31,5.13,4.63,-0.03,Calm,Sad
3.8,0.26,4.36,5.22,4.58,-0.03,Calm,Sad
3.89,0.26,4.44,5.27,4.6,-0.02,Calm,Sad
3.91,0.26,4.39,5.18,4.39,-0.01,Calm,Sad
3.93,0.25,4.23,5.13,4.33,-0.01,Calm,Sad
3.91,0.26,4.28,5.1,4.15,-0.01,Calm,Sad
3.84,0.26,4.22,5.06,4.09,0,Calm,Sad
3.8,0.26,4.12,5.04,3.7,0,Calm,Sad
3.75,0.27,4.14,4.98,3.77,0,Calm,Sad
3.72,0.27,4.02,4.97,3.61,0.01,Calm,Sad
3.76,0.27,3.94,4.99,3.52,0.01,Calm,Sad
3.71,0.27,3.98,4.94,3.53,0.02,Calm,Sad
3.65,0.27,3.75,4.91,3.52,0.01,Calm,Sad
3.6,0.28,3.65,4.92,3.54,0.01,Calm,Sad
3.58,0.28,3.89,4.75,3.57,0.01,Calm,Sad
3.49,0.29,4.15,4.46,3.68,0.01,Calm,Sad
3.14,0.32,4.17,4.25,3.65,0.03,Calm,Sad
2.8,0.36,4.17,4.1,3.8,0.05,Calm,Sad
2.89,0.35,4.21,4.27,3.59,0.03,Calm,Sad
2.98,0.34,4.16,4.51,3.53,0,Calm,Sad
2.87,0.35,4.11,4.52,3.54,-0.02,Calm,Sad
2.89,0.35,4.16,4.54,3.69,-0.01,Calm,Sad
2.99,0.33,4.23,4.59,3.75,0,Calm,Sad
2.89,0.35,4.24,4.46,3.76,0,Calm,Sad
2.85,0.35,4.23,4.48,3.7,0,Calm,Sad
2.87,0.35,4.02,4.81,3.62,0,Calm,Sad
2.87,0.35,3.7,4.97,3.56,-0.01,Calm,Sad
2.99,0.33,3.68,5.04,3.53,-0.02,Calm,Sad
2.97,0.34,3.74,5.1,3.43,-0.02,Calm,Sad
2.9,0.34,3.66,5.03,3.48,-0.01,Calm,Sad
2.89,0.35,3.67,4.99,3.41,0,Calm,Sad
2.88,0.35,3.62,5.05,3.43,-0.02,Calm,Sad
2.73,0.37,3.66,5.05,3.25,-0.09,Calm,Sad
2.76,0.36,3.56,5.03,3.07,-0.11,Calm,Sad
2.75,0.36,3.62,5.01,3.18,-0.11,Calm,Sad
2.84,0.35,3.69,4.91,3.46,-0.11,Calm,Sad
3.23,0.31,4.12,4.76,3.49,-0.06,Calm,Sad
3.71,0.27,4.29,4.83,3.54,-0.03,Calm,Sad
3.95,0.25,4.26,4.86,3.63,-0.02,Calm,Sad
4.01,0.25,4.32,4.81,3.53,-0.01,Calm,Sad
4,0.25,4.33,4.8,3.48,-0.01,Calm,Sad
4.04,0.25,4.33,4.7,3.48,-0.01,Calm,Sad
4.08,0.25,4.35,4.54,3.43,-0.01,Calm,Sad
4.07,0.25,4.33,4.43,3.4,-0.01,Calm,Sad
4.06,0.25,4.29,4.43,3.39,-0.01,Calm,Sad
4.08,0.25,4.26,4.51,3.2,0,Calm,Sad
4.07,0.25,4.18,4.48,2.89,0,Calm,Sad
3.85,0.26,3.82,4.36,2.85,0,Calm,Sad
3.39,0.29,3.57,4.2,2.63,0.02,Calm,Sad
3.11,0.32,3.57,4.1,2.45,0.05,Calm,Sad
3.11,0.32,3.6,4.05,2.51,0.04,Calm,Sad
3.07,0.33,3.71,4.09,2.92,0.03,Calm,Sad
2.97,0.34,4.18,4.2,3.13,0.04,Calm,Sad
3.29,0.3,4.46,4.42,3.33,0.01,Calm,Sad
3.68,0.27,4.54,4.65,3.45,-0.01,Calm,Sad
3.74,0.27,4.64,4.69,3.58,0,Calm,Sad
3.73,0.27,4.76,4.67,3.72,-0.01,Calm,Sad
3.73,0.27,4.73,4.72,3.85,0,Calm,Sad
3.72,0.27,4.77,4.74,3.91,0,Calm,Sad
3.6,0.28,4.88,4.62,3.98,-0.02,Calm,Sad
3.51,0.28,4.89,4.57,3.99,-0.03,Calm,Sad
3.52,0.28,4.88,4.57,3.97,-0.03,Calm,Sad
3.53,0.28,4.77,4.53,3.9,-0.03,Calm,Sad
3.47,0.29,4.61,4.45,3.95,-0.02,Calm,Sad
3.02,0.33,4.41,4.1,3.89,0.02,Calm,Sad
2.76,0.36,4.36,3.72,3.85,0.02,Calm,Sad
2.8,0.36,4.19,3.68,3.68,0.02,Calm,Sad
2.72,0.37,4.14,3.65,3.51,0.01,Calm,Sad
2.72,0.37,4.15,3.34,3.61,-0.01,Calm,Sad
2.71,0.37,4.08,2.78,3.45,-0.01,Calm,Sad
2.73,0.37,3.95,2.48,3.51,0,Calm,Sad
2.82,0.35,3.98,2.53,3.79,-0.02,Calm,Sad
2.84,0.35,4.21,2.83,3.74,-0.03,Calm,Sad
2.78,0.36,4.13,3.13,3.77,-0.02,Calm,Sad
3.06,0.33,5.42,5.13,5.1,0,Happy,Happy
3.06,0.33,5.36,5.12,5.1,0,Happy,Happy
3.17,0.32,4.96,5.35,5.18,-0.01,Happy,Happy
3.63,0.28,5.01,5.49,5.1,0,Happy,Happy
3.83,0.26,5.1,5.42,5.18,-0.01,Happy,Happy
3.85,0.26,4.97,5.35,5.23,-0.01,Happy,Happy
3.91,0.26,5.06,5.28,5.3,0,Happy,Happy
3.95,0.25,5.02,5.24,5.32,0,Happy,Happy
4.02,0.25,4.96,5.41,5.33,0,Happy,Happy
4.06,0.25,4.92,5.46,5.33,0,Happy,Happy
4.05,0.25,5.01,5.43,5.34,0,Happy,Happy
4.07,0.25,5.01,5.44,5.31,0,Happy,Happy
4.14,0.24,5.1,5.33,5.28,0,Happy,Happy
4.06,0.25,5.17,5,5.17,-0.01,Happy,Happy
3.79,0.26,5.1,4.84,5.12,-0.01,Happy,Happy
3.59,0.28,5.11,4.79,5,0,Happy,Happy
3.61,0.28,5.18,4.67,4.92,0.01,Happy,Happy
3.73,0.27,5.18,4.67,4.88,0.01,Happy,Happy
3.75,0.27,5.2,4.54,4.74,0.01,Happy,Happy
3.65,0.27,5.19,4.05,4.68,0,Happy,Happy
3.45,0.29,5.18,3.6,4.46,0.01,Happy,Happy
3.43,0.29,5.12,3.46,4.67,0.02,Happy,Happy
3.4,0.29,5.02,3.26,4.63,0.03,Happy,Happy
3.32,0.3,4.87,3.05,4.41,0.05,Happy,Happy
3.31,0.3,4.9,2.94,4.9,0.06,Happy,Happy
3.33,0.3,5.05,3.02,4.99,0.07,Happy,Happy
3.5,0.29,4.97,3.43,5.1,0.09,Happy,Happy
3.66,0.27,4.85,3.54,5.11,0.1,Happy,Happy
3.58,0.28,4.76,3.48,5.16,0.12,Happy,Happy
3.5,0.29,5.29,3.7,5.7,0.13,Happy,Happy
3.62,0.28,5.46,3.82,5.83,0.1,Happy,Happy
3.96,0.25,5.49,3.85,5.83,0.06,Happy,Happy
4.16,0.24,5.5,3.91,5.76,0.03,Happy,Happy
4.16,0.24,5.96,3.94,5.99,0.03,Happy,Happy
4.14,0.24,6.16,3.98,6.13,0.04,Happy,Happy
4.27,0.23,6.22,4.1,6.11,0.03,Happy,Happy
4.39,0.23,6.23,4.21,6.12,0.02,Happy,Happy
4.36,0.23,6.32,4.12,6.11,0,Happy,Happy
4.26,0.23,6.44,4.11,6.13,-0.01,Happy,Happy
4.22,0.24,6.39,4.05,6.16,-0.01,Happy,Happy
4.28,0.23,6.33,4,5.94,-0.01,Happy,Happy
4.26,0.23,6.3,4.27,5.93,-0.02,Happy,Happy
4.04,0.25,6.3,4.59,5.95,-0.03,Happy,Happy
3.82,0.26,6.3,4.74,5.99,-0.03,Happy,Happy
3.82,0.26,6,4.75,5.73,-0.03,Happy,Happy
3.98,0.25,5.83,4.8,5.49,-0.02,Happy,Happy
4.03,0.25,5.83,4.85,5.44,-0.01,Happy,Happy
3.97,0.25,5.8,4.9,5.47,-0.01,Happy,Happy
3.88,0.26,5.67,4.92,5.43,0,Happy,Happy
3.87,0.26,5.48,4.92,5.31,0,Happy,Happy
3.84,0.26,5.42,4.95,4.99,0,Happy,Happy
3.73,0.27,5.39,4.99,5.08,0.02,Happy,Happy
3.69,0.27,5.39,4.9,5,0.03,Happy,Happy
3.69,0.27,5.38,4.64,4.9,0.03,Happy,Happy
3.69,0.27,5.31,4.46,4.83,0.02,Happy,Happy
3.59,0.28,5.2,4.41,4.9,0.02,Happy,Happy
3.14,0.32,5.1,4.33,4.91,0.02,Happy,Happy
2.88,0.35,4.96,4.12,4.79,0.04,Happy,Happy
3.34,0.3,5,4.05,4.82,0.03,Happy,Happy
4.03,0.25,4.98,4.39,4.88,0.02,Happy,Happy
4.23,0.24,5.02,4.61,5.02,0.02,Happy,Happy
4.24,0.24,5.02,4.71,4.98,0.02,Happy,Happy
4.25,0.24,4.94,4.66,4.92,0.01,Happy,Happy
4.24,0.24,5.06,4.6,4.92,0.01,Happy,Happy
4.27,0.23,5.14,4.6,5.04,0.02,Happy,Happy
4.33,0.23,5.11,4.61,5.05,0.02,Happy,Happy
4.36,0.23,4.96,4.6,5.05,0.02,Happy,Happy
4.33,0.23,5.03,4.55,5.16,0.02,Happy,Happy
4.31,0.23,5.23,4.5,5.26,0.02,Happy,Happy
3.96,0.25,5.69,4.26,5.31,0.01,Happy,Happy
3.42,0.29,5.8,3.86,5.35,0.01,Happy,Happy
3.31,0.3,5.83,3.64,5.3,0.01,Happy,Happy
3.25,0.31,5.83,3.69,5.3,0,Happy,Happy
3.18,0.31,5.8,3.8,5.3,0,Happy,Happy
3.23,0.31,5.79,3.88,5.24,0,Happy,Happy
3.37,0.3,5.83,3.94,5.29,-0.02,Happy,Happy
3.49,0.29,5.9,4.08,5.31,-0.04,Happy,Happy
3.47,0.29,5.99,4.19,5.41,-0.05,Happy,Happy
3.42,0.29,5.95,4.19,5.28,-0.06,Happy,Happy
3.35,0.3,5.66,4.2,5.24,-0.07,Happy,Happy
3.33,0.3,5.65,4.29,5.39,-0.06,Happy,Happy
3.35,0.3,5.54,4.26,5.32,-0.06,Happy,Happy
3.34,0.3,5.51,4.1,5.29,-0.04,Happy,Happy
3.42,0.29,5.5,3.91,5.26,-0.03,Happy,Happy
3.45,0.29,5.47,3.78,5.23,-0.04,Happy,Happy
3.38,0.3,5.43,3.68,5.26,-0.03,Happy,Happy
3.2,0.31,5.37,3.6,5.08,-0.03,Happy,Happy
3.11,0.32,5.24,3.38,4.99,-0.03,Happy,Happy
3.19,0.31,5.16,3.19,4.83,-0.02,Happy,Happy
3.25,0.31,5.2,3.23,4.97,-0.02,Happy,Happy
3.31,0.3,5.14,3.04,5,-0.02,Happy,Happy
3.32,0.3,4.99,2.66,5.04,-0.03,Happy,Happy
3.3,0.3,4.97,2.72,5.21,-0.03,Happy,Happy
3.17,0.32,5,2.83,5.28,-0.03,Happy,Happy
3.09,0.32,4.98,2.95,5.34,-0.03,Happy,Happy
3.07,0.33,5.06,2.97,5.41,-0.04,Happy,Happy
2.92,0.34,5.08,3.03,5.46,-0.05,Happy,Happy
2.81,0.36,5.03,3.13,5.56,-0.06,Happy,Happy
2.56,0.39,5.1,3.27,5.57,-0.07,Happy,Happy
2.4,0.42,5.09,3.38,5.59,-0.09,Happy,Happy
2.27,0.44,5.08,3.5,5.46,-0.11,Happy,Happy
2.26,0.44,5.16,3.62,5.42,-0.1,Happy,Happy
2.24,0.45,5.32,3.64,5.25,-0.08,Happy,Happy
2.3,0.43,5.4,3.58,5.48,-0.06,Happy,Happy
2.7,0.37,5.41,3.48,5.53,0,Happy,Happy
3.05,0.33,5.48,3.43,5.57,0.03,Happy,Happy
3.22,0.31,5.5,3.54,5.56,0.04,Happy,Happy
3.31,0.3,6.13,4.27,6.28,0.03,Calm,Sad
3.34,0.3,6.18,4.13,6.31,0.03,Calm,Sad
3.36,0.3,6.28,4.19,6.43,0.03,Calm,Sad
3.34,0.3,6.24,4.16,6.29,0.02,Calm,Sad
3.26,0.31,6.21,4.19,6.24,0.02,Calm,Sad
3.56,0.28,6.01,4.12,6.21,0.01,Calm,Sad
3.88,0.26,6.07,4.12,6.12,0.01,Calm,Sad
3.91,0.26,6.19,4.11,6.22,0.01,Calm,Sad
3.93,0.25,6.19,3.96,6.28,0.01,Calm,Sad
4.02,0.25,6.04,3.89,6.29,0.01,Calm,Sad
4.1,0.24,6.13,3.89,6.27,0.02,Calm,Sad
4.11,0.24,6.15,3.83,6.33,0.02,Calm,Sad
4.11,0.24,6.09,3.66,6.24,0.02,Calm,Sad
4.17,0.24,5.97,3.58,6.27,0.02,Calm,Sad
4.24,0.24,5.88,3.56,6.23,0.01,Calm,Sad
4.15,0.24,5.86,3.44,6.26,0.01,Calm,Sad
3.81,0.26,5.82,3.25,6.31,0,Calm,Sad
3.56,0.28,5.68,3.1,6.17,0.01,Calm,Sad
3.59,0.28,5.53,3.15,5.87,0.01,Calm,Sad
3.51,0.28,5.48,3.12,5.9,0.02,Calm,Sad
3.33,0.3,5.45,3.18,5.86,0.01,Calm,Sad
3.25,0.31,5.38,3.25,5.88,0,Calm,Sad
3.28,0.3,5.34,3.23,5.84,0,Calm,Sad
3.25,0.31,5.42,3.25,5.76,-0.01,Calm,Sad
3.2,0.31,5.4,3.37,5.66,0,Calm,Sad
3.15,0.32,5.38,3.4,5.65,0.01,Calm,Sad
3.03,0.33,5.3,3.4,5.45,0.01,Calm,Sad
3.12,0.32,5.22,3.41,5.39,0.01,Calm,Sad
3.13,0.32,5.04,3.25,5.27,0.01,Calm,Sad
3.05,0.33,4.77,3.1,5.2,0,Calm,Sad
3.07,0.33,4.66,3.01,4.75,-0.01,Calm,Sad
3.14,0.32,4.64,2.93,4.6,-0.01,Calm,Sad
3.14,0.32,4.42,3.01,4.42,0,Calm,Sad
3.3,0.3,4.42,3.21,4.18,0,Calm,Sad
3.36,0.3,4.71,3.09,4.5,-0.01,Calm,Sad
3.19,0.31,4.66,2.81,4.56,-0.02,Calm,Sad
3.17,0.32,4.77,2.77,4.65,-0.04,Calm,Sad
3.13,0.32,5.03,2.7,4.78,-0.05,Calm,Sad
3.16,0.32,5.04,2.66,4.85,-0.07,Calm,Sad
3.34,0.3,5.08,2.9,4.85,-0.08,Calm,Sad
3.43,0.29,5.12,2.98,4.83,-0.07,Calm,Sad
3.45,0.29,5.21,3.03,4.91,-0.07,Calm,Sad
3.49,0.29,5.2,3.03,5.03,-0.07,Calm,Sad
3.49,0.29,5.25,2.73,5.14,-0.08,Calm,Sad
3.37,0.3,5.3,2.48,5.25,-0.09,Calm,Sad
3.33,0.3,5.06,2.48,5.13,-0.08,Calm,Sad
3.35,0.3,5.13,2.53,5.18,-0.08,Calm,Sad
3.34,0.3,5.07,2.57,4.98,-0.07,Calm,Sad
3.51,0.28,4.9,2.67,4.91,-0.05,Calm,Sad
3.7,0.27,5.04,2.69,5.08,-0.03,Calm,Sad
3.62,0.28,5.17,2.89,5.13,-0.02,Calm,Sad
3.66,0.27,5.25,3.17,5.15,-0.02,Calm,Sad
3.71,0.27,5.23,3.2,5,-0.02,Calm,Sad
3.67,0.27,5.25,3.2,4.91,-0.02,Calm,Sad
3.61,0.28,5.24,3.24,4.96,-0.02,Calm,Sad
3.56,0.28,5.22,3.24,4.79,-0.01,Calm,Sad
3.55,0.28,5.21,3.29,4.69,-0.01,Calm,Sad
3.54,0.28,5.12,3.36,4.54,-0.02,Calm,Sad
3.46,0.29,5,3.37,4.53,-0.01,Calm,Sad
3.19,0.31,4.98,3.34,4.45,-0.01,Calm,Sad
3,0.33,4.75,3.22,4.09,-0.01,Calm,Sad
2.94,0.34,4.44,2.91,3.99,-0.01,Calm,Sad
2.72,0.37,4.34,2.69,4.05,-0.01,Calm,Sad
2.78,0.36,4.24,2.68,4.08,-0.02,Calm,Sad
2.85,0.35,4.1,2.66,4.09,-0.01,Calm,Sad
2.85,0.35,4.27,2.97,3.98,-0.02,Calm,Sad
2.92,0.34,4.28,3.33,4.03,-0.02,Calm,Sad
3.03,0.33,4.35,3.35,3.97,-0.02,Calm,Sad
3.07,0.33,4.36,3.29,4.12,-0.03,Calm,Sad
3.14,0.32,4.56,3.37,4.24,-0.02,Calm,Sad
3.26,0.31,4.78,3.43,4.26,-0.02,Calm,Sad
3.43,0.29,5.23,3.45,4.47,-0.02,Calm,Sad
3.44,0.29,5.45,3.44,4.48,-0.02,Calm,Sad
3.5,0.29,5.45,3.44,4.44,-0.02,Calm,Sad
3.57,0.28,5.45,3.48,4.43,-0.02,Calm,Sad
3.58,0.28,5.47,3.48,4.37,-0.02,Calm,Sad
3.62,0.28,5.43,3.32,4.27,-0.01,Calm,Sad
3.62,0.28,5.41,3.19,4.32,-0.01,Calm,Sad
3.57,0.28,5.4,3.16,4.39,0,Calm,Sad
3.54,0.28,5.41,3.09,4.24,0,Calm,Sad
3.45,0.29,5.33,3.14,4.13,0,Calm,Sad
3.22,0.31,5.21,3.17,4.07,0,Calm,Sad
3.03,0.33,4.69,3.22,3.84,0.03,Calm,Sad
3,0.33,4.41,3.29,3.92,0.02,Calm,Sad
2.75,0.36,4.45,3.38,3.89,0.01,Calm,Sad
2.37,0.42,4.61,3.52,3.78,0.01,Calm,Sad
2.44,0.41,4.49,3.68,3.91,-0.01,Calm,Sad
2.2,0.45,4.72,3.71,4.2,-0.08,Calm,Sad
2.28,0.44,5.26,3.74,4.3,-0.11,Calm,Sad
2.43,0.41,5.38,3.77,4.27,-0.1,Calm,Sad
2.52,0.4,5.47,3.77,4.8,-0.11,Calm,Sad
2.63,0.38,5.57,3.88,4.87,-0.09,Calm,Sad
2.62,0.38,5.69,4.02,5.04,-0.09,Calm,Sad
2.68,0.37,5.71,4.07,5.2,-0.1,Calm,Sad
2.86,0.35,5.91,4.09,5.36,-0.07,Calm,Sad
2.94,0.34,5.93,4.36,5.39,-0.06,Calm,Sad
3.13,0.32,5.95,4.62,5.39,-0.05,Calm,Sad
3.32,0.3,6.16,4.63,5.59,-0.04,Calm,Sad
3.51,0.28,6.1,4.61,5.56,-0.02,Calm,Sad
3.8,0.26,6.1,4.69,5.65,0,Calm,Sad
3.98,0.25,6.11,4.77,5.72,0.01,Calm,Sad
4.02,0.25,6.16,4.81,5.7,0.01,Calm,Sad
4.1,0.24,6.13,4.87,5.77,0.01,Calm,Sad
4.12,0.24,6.11,4.92,5.78,0.01,Calm,Sad
4.1,0.24,6.07,4.95,5.86,0.01,Calm,Sad
4.04,0.25,5.89,4.89,5.87,0.01,Calm,Sad
4.02,0.25,6,4.63,6.1,0.01,Calm,Sad
3.56,0.28,4.93,3.72,5.21,0.01,Calm,Happy
3.5,0.29,4.96,3.54,5.15,0.02,Calm,Happy
3.46,0.29,4.96,3.49,5.15,0.02,Calm,Happy
3.65,0.27,5.09,3.45,5.08,0.01,Calm,Happy
3.83,0.26,5.24,3.23,5.15,0.01,Calm,Happy
3.85,0.26,5.25,2.93,5.43,0.01,Calm,Happy
3.85,0.26,5.27,2.83,5.58,0.01,Calm,Happy
3.8,0.26,5.26,2.68,5.57,0.01,Calm,Happy
3.68,0.27,5.25,2.65,5.58,0.01,Calm,Happy
3.64,0.27,5.24,2.81,5.52,0.01,Calm,Happy
3.65,0.27,5.18,3.05,5.52,0,Calm,Happy
3.58,0.28,5.17,3.14,5.56,-0.01,Calm,Happy
3.6,0.28,5.25,3.25,5.61,-0.02,Calm,Happy
3.56,0.28,5.12,3.42,5.55,-0.01,Calm,Happy
3.31,0.3,5.08,3.52,5.54,-0.01,Calm,Happy
3.06,0.33,4.97,3.63,5.5,-0.01,Calm,Happy
3.22,0.31,4.9,3.75,5.19,0.01,Calm,Happy
3.54,0.28,4.92,3.79,5.1,0,Calm,Happy
3.65,0.27,4.88,3.95,5.13,0,Calm,Happy
3.61,0.28,4.9,4.31,5,0.01,Calm,Happy
3.68,0.27,4.89,4.57,4.86,0.01,Calm,Happy
3.67,0.27,4.85,4.69,4.83,0.01,Calm,Happy
3.63,0.28,4.67,4.78,4.75,0.02,Calm,Happy
3.68,0.27,4.67,4.84,4.7,0.02,Calm,Happy
3.95,0.25,4.77,4.86,4.58,0,Calm,Happy
4.13,0.24,4.71,4.89,4.58,0,Calm,Happy
4.11,0.24,4.78,4.87,4.51,-0.01,Calm,Happy
3.98,0.25,4.79,4.84,4.4,-0.02,Calm,Happy
3.77,0.27,4.72,4.85,4.54,-0.02,Calm,Happy
3.72,0.27,4.89,4.71,4.61,-0.02,Calm,Happy
3.72,0.27,5.05,4.42,4.94,-0.02,Calm,Happy
3.72,0.27,5.12,4.39,5.21,-0.02,Calm,Happy
3.72,0.27,5.14,4.6,5.47,-0.02,Calm,Happy
3.89,0.26,5.38,4.71,5.56,-0.03,Calm,Happy
4.37,0.23,5.47,5.12,5.7,-0.01,Calm,Happy
4.5,0.22,5.65,5.37,5.73,0,Calm,Happy
4.44,0.23,5.66,5.4,5.87,0.01,Calm,Happy
4.52,0.22,5.67,5.42,5.92,0,Calm,Happy
4.58,0.22,5.71,5.46,5.9,0,Calm,Happy
4.62,0.22,5.71,5.49,5.84,0,Calm,Happy
4.65,0.22,5.67,5.49,5.82,0,Calm,Happy
4.63,0.22,5.52,5.47,5.63,0,Calm,Happy
4.62,0.22,5.54,5.35,5.59,0,Calm,Happy
4.64,0.22,5.49,5.15,5.15,0,Calm,Happy
4.44,0.23,5.28,4.89,5.14,0,Calm,Happy
3.87,0.26,5.03,4.24,4.8,-0.02,Calm,Happy
3.69,0.27,4.76,3.7,4.81,-0.03,Calm,Happy
3.65,0.27,4.61,3.58,4.07,-0.02,Calm,Happy
3.49,0.29,4.45,3.47,3.95,-0.01,Calm,Happy
3.34,0.3,4.31,3.19,3.93,-0.01,Calm,Happy
3.18,0.31,4.25,2.92,3.93,-0.01,Calm,Happy
3.18,0.31,4.33,2.89,3.95,-0.02,Calm,Happy
3.3,0.3,4.61,2.74,3.98,-0.03,Calm,Happy
3.21,0.31,4.68,2.8,4.05,-0.02,Calm,Happy
3.07,0.33,4.79,2.98,4.39,0.01,Calm,Happy
3,0.33,5.03,3.06,4.45,0.02,Calm,Happy
3.07,0.33,5.08,3.12,4.42,0.01,Calm,Happy
3.16,0.32,5.08,3.12,4.42,0,Calm,Happy
3.2,0.31,5.1,3.21,4.42,0,Calm,Happy
3.4,0.29,5.14,3.25,4.46,0,Calm,Happy
3.53,0.28,5.12,3.39,4.5,0,Calm,Happy
3.52,0.28,5.21,4.32,4.55,0,Calm,Happy
3.48,0.29,5.14,5.09,4.51,0.01,Calm,Happy
3.38,0.3,4.97,5.43,4.54,0.02,Calm,Happy
3.39,0.3,4.9,5.49,4.29,0.01,Calm,Happy
3.35,0.3,4.78,5.52,4.17,0,Calm,Happy
3.31,0.3,4.52,5.58,4.12,0,Calm,Happy
3.33,0.3,4.44,5.62,4.13,-0.02,Calm,Happy
3.4,0.29,4.39,5.63,4.09,-0.02,Calm,Happy
3.38,0.3,4.36,5.61,4.13,-0.02,Calm,Happy
3.18,0.31,4.32,5.61,4.22,-0.02,Calm,Happy
3.05,0.33,4.47,5.56,4.35,-0.04,Calm,Happy
3.12,0.32,4.65,5.3,4.45,-0.03,Calm,Happy
3.23,0.31,4.69,4.79,4.65,-0.01,Calm,Happy
3.49,0.29,4.81,4.32,4.65,0.02,Calm,Happy
3.74,0.27,4.76,4.17,4.62,0.03,Calm,Happy
3.92,0.25,4.79,3.99,4.61,0.03,Calm,Happy
3.91,0.26,4.73,3.73,4.61,0.03,Calm,Happy
3.85,0.26,4.74,4.09,4.61,0.03,Calm,Happy
3.9,0.26,4.79,4.6,4.51,0.01,Calm,Happy
4,0.25,4.82,4.84,4.55,0.01,Calm,Happy
4.11,0.24,4.94,4.88,4.53,0.01,Calm,Happy
4.19,0.24,5.58,4.91,4.55,0.02,Calm,Happy
4.5,0.22,5.96,4.95,4.74,0,Calm,Happy
4.72,0.21,5.99,5.06,5.27,-0.01,Calm,Happy
4.69,0.21,6.03,5.19,5.49,-0.02,Calm,Happy
4.57,0.22,6.17,5.19,5.74,-0.02,Calm,Happy
4.54,0.22,6.29,5.18,5.79,-0.03,Calm,Happy
4.54,0.22,6.34,5.16,5.92,-0.03,Calm,Happy
4.51,0.22,6.45,4.99,5.95,-0.02,Calm,Happy
4.44,0.23,6.44,4.74,5.97,-0.02,Calm,Happy
4.41,0.23,6.46,4.64,6.09,-0.02,Calm,Happy
4.5,0.22,6.48,4.64,6.2,-0.03,Calm,Happy
4.6,0.22,6.3,4.62,6.29,-0.02,Calm,Happy
4.39,0.23,6.15,4.82,6.2,-0.02,Calm,Happy
4.15,0.24,6.06,4.92,5.99,0,Calm,Happy
4.06,0.25,6.04,4.88,5.9,0.01,Calm,Happy
4.06,0.25,5.9,4.93,5.94,0.01,Calm,Happy
4.04,0.25,5.68,4.93,5.91,0.01,Calm,Happy
4.04,0.25,5.67,4.85,5.84,0.01,Calm,Happy
4.07,0.25,5.64,4.77,5.84,0.01,Calm,Happy
4.08,0.24,5.68,4.76,5.82,0.01,Calm,Happy
3.98,0.25,5.65,4.76,5.7,0.01,Calm,Happy
3.69,0.27,5.43,4.76,5.65,0.02,Calm,Happy
3.16,0.32,5.32,4.61,5.43,0.03,Calm,Happy
2.64,0.38,5.41,4.18,5.66,-0.04,Calm,Happy
3.59,0.28,5.29,4.62,5.6,0.01,Agressive,Agressive
3.42,0.29,5.33,4.56,5.75,0.03,Agressive,Agressive
3.42,0.29,5.51,4.58,5.71,0.03,Agressive,Agressive
3.58,0.28,5.71,4.58,5.82,0.04,Agressive,Agressive
3.63,0.28,5.7,4.64,6,0.04,Agressive,Agressive
3.57,0.28,5.77,4.88,6.5,0.02,Agressive,Agressive
3.6,0.28,5.95,5.1,6.59,0,Agressive,Agressive
3.66,0.27,5.96,5.1,6.61,0.01,Agressive,Agressive
3.8,0.26,6.23,4.97,6.75,0.01,Agressive,Agressive
3.85,0.26,6.26,4.84,6.72,0.01,Agressive,Agressive
4.1,0.24,6.35,4.79,6.72,0.01,Agressive,Agressive
4.28,0.23,6.4,4.79,6.71,0.01,Agressive,Agressive
4.37,0.23,6.42,4.75,6.67,0.01,Agressive,Agressive
4.53,0.22,6.39,4.75,6.68,0.01,Agressive,Agressive
4.68,0.21,6.34,4.75,6.71,0.01,Agressive,Agressive
4.8,0.21,6.33,4.66,6.51,0.01,Agressive,Agressive
4.77,0.21,6.33,4.25,6.33,0.01,Agressive,Agressive
4.72,0.21,6.25,3.44,6.3,0.01,Agressive,Agressive
4.67,0.21,6.08,3.01,6.23,0.01,Agressive,Agressive
4.58,0.22,5.92,2.83,6.12,0.01,Agressive,Agressive
4.52,0.22,5.8,2.77,6.3,0.01,Agressive,Agressive
4.36,0.23,5.82,2.91,6.3,0.01,Agressive,Agressive
4.22,0.24,5.79,3.21,6.36,0,Agressive,Agressive
4.11,0.24,5.65,3.32,6.38,0,Agressive,Agressive
3.9,0.26,5.56,3.55,6.41,0,Agressive,Agressive
3.71,0.27,5.57,3.89,6.44,0,Agressive,Agressive
3.56,0.28,5.54,4.24,6.42,0.01,Agressive,Agressive
3.58,0.28,5.41,4.48,6.34,0.01,Agressive,Agressive
3.67,0.27,5.34,4.65,6.28,0.01,Agressive,Agressive
3.7,0.27,5.41,4.91,6.24,0.01,Agressive,Agressive
3.87,0.26,5.89,5.05,6.17,0,Agressive,Agressive
3.92,0.25,5.94,5.05,5.94,0,Agressive,Agressive
3.95,0.25,5.96,5.02,5.98,0,Agressive,Agressive
3.94,0.25,5.94,5.05,5.79,0,Agressive,Agressive
3.94,0.25,6.38,5.07,6.2,0,Agressive,Agressive
3.88,0.26,6.63,5.05,6.15,-0.01,Agressive,Agressive
3.87,0.26,6.67,5.03,6.01,-0.05,Agressive,Agressive
4.21,0.24,6.67,4.88,6,-0.07,Agressive,Agressive
4.42,0.23,6.66,4.88,5.97,-0.07,Agressive,Agressive
4.46,0.22,6.67,4.88,5.95,-0.07,Agressive,Agressive
4.54,0.22,6.6,4.67,5.88,-0.06,Agressive,Agressive
4.53,0.22,6.54,5.47,5.85,-0.06,Agressive,Agressive
4.69,0.21,6.48,6.73,5.85,-0.02,Agressive,Agressive
4.98,0.2,6.48,7.45,5.81,-0.01,Agressive,Agressive
5.21,0.19,6.43,7.93,5.7,-0.01,Agressive,Agressive
5.36,0.19,5.7,8.19,4.5,-0.01,Agressive,Agressive
5.38,0.19,5.56,8.28,4.4,0,Agressive,Agressive
5.3,0.19,5.42,8.32,4.17,0,Agressive,Agressive
5.29,0.19,5.37,8.36,4.35,-0.01,Agressive,Agressive
5.4,0.19,5.49,8.39,4.54,-0.02,Agressive,Agressive
5.53,0.18,5.45,8.41,4.51,-0.02,Agressive,Agressive
5.63,0.18,5.22,8.43,4.51,-0.02,Agressive,Agressive
5.7,0.18,5.1,8.38,4.47,-0.02,Agressive,Agressive
5.65,0.18,4.97,8.19,4.48,-0.03,Agressive,Agressive
5.5,0.18,4.95,7.84,4.52,-0.03,Agressive,Agressive
5.34,0.19,5.01,7.31,4.55,-0.03,Agressive,Agressive
5.24,0.19,5.08,6.84,4.71,-0.04,Agressive,Agressive
5.21,0.19,5.1,6.66,4.75,-0.04,Agressive,Agressive
5.25,0.19,5.09,6.54,4.79,-0.05,Agressive,Agressive
5.15,0.19,5,6.44,4.57,-0.05,Agressive,Agressive
4.91,0.2,4.79,6.24,4.62,-0.04,Agressive,Agressive
4.67,0.21,4.82,5.99,4.66,-0.02,Agressive,Agressive
4.48,0.22,4.84,5.96,4.7,-0.01,Agressive,Agressive
4.33,0.23,4.83,6.2,4.74,-0.01,Agressive,Agressive
4.22,0.24,4.77,6.3,4.7,-0.01,Agressive,Agressive
4.2,0.24,4.65,6.3,4.59,-0.02,Agressive,Agressive
4.23,0.24,4.59,6.29,4.59,-0.01,Agressive,Agressive
4.29,0.23,4.38,6.24,4.32,-0.01,Agressive,Agressive
4.28,0.23,4.32,6.23,4.26,-0.01,Agressive,Agressive
4.11,0.24,4.04,6.19,4.19,-0.01,Agressive,Agressive
4.1,0.24,4.39,6.09,4.24,-0.01,Agressive,Agressive
4.13,0.24,4.58,6.08,4.12,-0.01,Agressive,Agressive
4.12,0.24,4.59,5.99,3.97,0.01,Agressive,Agressive
3.81,0.26,4.48,5.51,3.84,0.03,Agressive,Agressive
3.96,0.25,4.62,4.95,3.67,0.02,Agressive,Agressive
4.32,0.23,4.7,4.81,3.95,0.01,Agressive,Agressive
4.57,0.22,4.84,5.06,4.03,0.01,Agressive,Agressive
5,0.2,4.91,5.34,4.05,0,Agressive,Agressive
5.25,0.19,4.93,5.37,3.99,0,Agressive,Agressive
5.33,0.19,4.93,5.37,4.01,0,Agressive,Agressive
5.34,0.19,4.92,5.37,3.98,0,Agressive,Agressive
5.34,0.19,4.71,5.31,3.93,0,Agressive,Agressive
5.31,0.19,4.66,5.22,3.88,0,Agressive,Agressive
5.27,0.19,4.63,5.23,3.85,0,Agressive,Agressive
5.26,0.19,4.59,5.19,3.82,0,Agressive,Agressive
5.2,0.19,4.35,5.18,3.74,0,Agressive,Agressive
5.08,0.2,4.15,5.11,3.43,0,Agressive,Agressive
4.88,0.2,3.93,4.72,3.58,0,Agressive,Agressive
4.46,0.22,4.07,4.57,3.87,0,Agressive,Agressive
3.68,0.27,4.21,4.78,4.02,0,Agressive,Agressive
3.48,0.29,4.15,4.99,4.11,0.01,Agressive,Agressive
3.57,0.28,4.43,5.06,4.38,0.01,Agressive,Agressive
3.71,0.27,4.51,5.04,4.55,-0.02,Agressive,Agressive
3.76,0.27,4.62,5.07,4.58,-0.04,Agressive,Agressive
3.87,0.26,4.79,5.08,4.61,-0.05,Agressive,Agressive
4.03,0.25,4.89,5.05,4.59,-0.05,Agressive,Agressive
4.08,0.24,4.96,5.02,4.68,-0.06,Agressive,Agressive
4.04,0.25,5,4.97,4.69,-0.06,Agressive,Agressive
4.08,0.25,4.95,4.92,4.7,-0.05,Agressive,Agressive
4.22,0.24,4.92,4.93,4.61,-0.04,Agressive,Agressive
4.27,0.23,4.9,4.98,4.56,-0.03,Agressive,Agressive
4.22,0.24,4.87,5.06,4.51,-0.03,Agressive,Agressive
4.04,0.25,4.65,5.13,4.12,-0.03,Agressive,Agressive
3.98,0.25,4.7,5.21,4.02,-0.02,Agressive,Agressive
4,0.25,4.52,5.23,3.98,-0.01,Agressive,Agressive
4.01,0.25,4.35,5.32,3.94,0,Agressive,Agressive
3.89,0.26,4.24,5.44,3.89,0.01,Agressive,Agressive
3.27,0.31,5.12,3.79,5.94,-0.03,Sad,Sad
3.07,0.33,5.1,3.27,5.77,0,Sad,Sad
2.9,0.34,5.12,3.21,5.81,0.03,Sad,Sad
2.83,0.35,5.14,2.82,5.75,0.06,Sad,Sad
2.9,0.35,5.22,2.69,5.83,0.08,Sad,Sad
2.92,0.34,5.33,3.18,6,0.09,Sad,Sad
3,0.33,5.37,3.3,6,0.09,Sad,Sad
3.04,0.33,5.27,3.37,5.99,0.1,Sad,Sad
2.99,0.33,5.46,3.54,5.95,0.1,Sad,Sad
3.01,0.33,5.48,3.63,5.93,0.09,Sad,Sad
3.37,0.3,5.6,3.64,5.91,0.06,Sad,Sad
3.59,0.28,5.72,3.74,5.75,0.03,Sad,Sad
3.67,0.27,5.79,4.11,5.62,0.03,Sad,Sad
3.68,0.27,5.76,4.37,5.67,0.03,Sad,Sad
3.67,0.27,5.76,4.4,5.6,0.02,Sad,Sad
3.66,0.27,5.69,4.3,5.53,0.01,Sad,Sad
3.64,0.27,5.63,4.21,5.25,0.01,Sad,Sad
3.53,0.28,5.66,4.16,5.36,0,Sad,Sad
3.46,0.29,5.6,4.13,5.25,0,Sad,Sad
3.43,0.29,5.35,4.04,5.26,0,Sad,Sad
3.29,0.3,5.26,4.05,5.21,0,Sad,Sad
2.85,0.35,5.26,4.19,5.18,-0.01,Sad,Sad
2.6,0.38,4.99,4.21,5.15,0.02,Sad,Sad
2.56,0.39,4.86,3.94,5.12,0.04,Sad,Sad
2.64,0.38,4.79,3.64,5.06,0.03,Sad,Sad
2.67,0.37,5.09,3.62,5.02,0.04,Sad,Sad
2.8,0.36,5.19,3.71,4.98,0.03,Sad,Sad
2.82,0.35,5.2,3.71,4.96,0.03,Sad,Sad
3.06,0.33,5.22,3.73,5.09,0.03,Sad,Sad
3.36,0.3,5.25,3.75,5.06,0.02,Sad,Sad
3.52,0.28,5.22,3.72,4.96,0.02,Sad,Sad
3.56,0.28,5.18,3.58,4.96,0.02,Sad,Sad
3.57,0.28,5.02,3.24,4.99,0.02,Sad,Sad
3.67,0.27,5.09,3.11,5,0.02,Sad,Sad
3.75,0.27,5.1,3.33,5,0.02,Sad,Sad
3.77,0.27,5.05,3.46,4.68,0.02,Sad,Sad
3.76,0.27,4.84,3.59,4.76,0.02,Sad,Sad
3.88,0.26,5.14,3.71,4.74,0.02,Sad,Sad
3.88,0.26,5.32,3.82,4.59,0.01,Sad,Sad
3.75,0.27,5.39,3.87,4.42,0.01,Sad,Sad
3.55,0.28,5.55,3.86,4.59,0.01,Sad,Sad
3.39,0.29,5.7,3.9,5.05,0,Sad,Sad
3.43,0.29,5.8,3.99,5.2,-0.01,Sad,Sad
3.53,0.28,5.84,4.09,5.24,-0.02,Sad,Sad
3.72,0.27,5.87,4,5.34,-0.02,Sad,Sad
3.92,0.25,5.91,3.88,5.43,-0.01,Sad,Sad
3.97,0.25,5.92,3.8,5.43,-0.01,Sad,Sad
3.89,0.26,5.86,3.71,5.41,-0.01,Sad,Sad
3.78,0.26,5.57,3.63,5.4,0,Sad,Sad
3.78,0.26,5.59,3.5,5.38,0,Sad,Sad
3.78,0.26,5.43,3.59,5.32,0,Sad,Sad
3.79,0.26,5.33,3.75,5.17,0,Sad,Sad
3.76,0.27,5.03,3.69,4.87,0,Sad,Sad
3.7,0.27,4.79,3.56,4.61,0,Sad,Sad
3.48,0.29,4.63,3.45,4.65,0,Sad,Sad
2.94,0.34,4.52,3.39,4.58,-0.01,Sad,Sad
2.38,0.42,4.57,3.32,4.59,-0.04,Sad,Sad
2.32,0.43,4.49,3.18,4.65,-0.03,Sad,Sad
2.43,0.41,4.6,3.14,4.55,-0.04,Sad,Sad
2.54,0.39,4.48,3.15,4.48,-0.03,Sad,Sad
2.66,0.38,4.5,3.01,4.47,-0.02,Sad,Sad
2.57,0.39,4.51,2.54,4.54,-0.02,Sad,Sad
2.62,0.38,4.63,2.24,4.57,-0.02,Sad,Sad
2.78,0.36,4.72,2.52,4.53,-0.03,Sad,Sad
2.86,0.35,4.67,2.9,4.51,-0.02,Sad,Sad
2.84,0.35,4.58,3.02,4.22,0,Sad,Sad
2.83,0.35,4.6,3.05,4.05,0.02,Sad,Sad
2.84,0.35,4.57,3.21,3.96,0.02,Sad,Sad
3.1,0.32,4.59,3.31,3.93,0.01,Sad,Sad
3.25,0.31,4.48,3.28,3.97,0.01,Sad,Sad
3.22,0.31,4.56,3.29,4.24,0,Sad,Sad
3.24,0.31,4.57,3.35,4.33,0,Sad,Sad
3.25,0.31,4.55,3.47,4.22,0.01,Sad,Sad
3.2,0.31,4.26,3.53,4.19,0.02,Sad,Sad
3.18,0.31,4.35,3.5,4.24,0.02,Sad,Sad
3.23,0.31,4.47,3.33,4.38,0.01,Sad,Sad
3.2,0.31,4.49,3.29,4.43,0,Sad,Sad
3.22,0.31,4.42,3.33,4.44,0,Sad,Sad
3.21,0.31,4.35,3.17,4.5,0,Sad,Sad
2.96,0.34,4.41,3.13,4.67,-0.01,Sad,Sad
2.69,0.37,4.36,3.11,4.72,-0.02,Sad,Sad
2.61,0.38,4.29,3.14,4.58,-0.03,Sad,Sad
2.75,0.36,4.21,3.09,4.6,-0.04,Sad,Sad
3.18,0.31,4.28,2.91,4.67,-0.02,Sad,Sad
3.48,0.29,4.31,2.77,4.68,-0.01,Sad,Sad
3.58,0.28,4.31,2.63,4.64,-0.01,Sad,Sad
3.51,0.28,4.4,2.82,4.56,-0.01,Sad,Sad
3.67,0.27,4.49,2.85,4.59,0.01,Sad,Sad
3.72,0.27,4.63,2.79,4.59,0.02,Sad,Sad
3.75,0.27,5,3.11,4.61,0.01,Sad,Sad
3.83,0.26,5.08,3.55,4.64,0.01,Sad,Sad
3.85,0.26,5.16,4.2,4.9,0.01,Sad,Sad
3.92,0.26,5.18,4.68,5.02,0.01,Sad,Sad
3.91,0.26,5.27,4.82,5.19,0.01,Sad,Sad
3.73,0.27,5.33,4.92,5.41,0.02,Sad,Sad
3.47,0.29,5.37,5.06,5.51,0.03,Sad,Sad
3.41,0.29,5.4,5.11,5.58,0.03,Sad,Sad
3.35,0.3,5.58,5.12,5.69,0.03,Sad,Sad
3.19,0.31,5.56,5.19,5.88,0,Sad,Sad
3.26,0.31,5.62,5.2,6.22,0,Sad,Sad
3.25,0.31,5.51,5.17,6.4,0,Sad,Sad
3.11,0.32,5.78,5.08,6.77,0.02,Sad,Sad
3.2,0.31,5.86,4.91,6.93,0.06,Sad,Sad
3.18,0.31,5.97,4.77,7.05,0.07,Sad,Sad
3.07,0.33,6.12,4.79,7.15,0.07,Sad,Sad
3.05,0.33,6.15,4.71,7.22,0.07,Sad,Sad
3.24,0.31,6.14,4.57,7.28,0.06,Sad,Sad
2.6,0.39,4.9,3.77,5.72,0,Agressive,Agressive
2.75,0.36,5.01,3.63,5.7,0.01,Agressive,Agressive
2.8,0.36,5.1,4.02,5.98,0.04,Agressive,Agressive
3.02,0.33,5.05,4.59,6.18,0.04,Agressive,Agressive
3.27,0.31,5.17,4.85,6.21,0.04,Agressive,Agressive
3.33,0.3,5.32,4.87,6.19,0.05,Agressive,Agressive
3.35,0.3,5.44,4.86,6.24,0.05,Agressive,Agressive
3.44,0.29,5.56,4.86,6.25,0.05,Agressive,Agressive
3.61,0.28,5.64,4.83,6.23,0.04,Agressive,Agressive
3.88,0.26,5.63,4.82,6.18,0.03,Agressive,Agressive
4.23,0.24,5.95,4.84,6.13,0.01,Agressive,Agressive
4.62,0.22,5.99,5.02,6.06,0.02,Agressive,Agressive
4.78,0.21,6,5.37,6.04,0.03,Agressive,Agressive
4.85,0.21,5.95,5.58,5.49,0.02,Agressive,Agressive
4.86,0.21,5.94,5.55,5.2,0.01,Agressive,Agressive
4.89,0.2,5.77,5.5,4.89,0.01,Agressive,Agressive
4.92,0.2,5.75,5.57,4.82,0.01,Agressive,Agressive
4.92,0.2,5.64,5.66,4.62,0.01,Agressive,Agressive
4.91,0.2,5.45,5.7,3.91,0.01,Agressive,Agressive
4.88,0.2,5.45,5.7,3.82,0.01,Agressive,Agressive
4.86,0.21,5.2,5.72,3.5,0.01,Agressive,Agressive
4.7,0.21,4.68,5.82,3.47,0.01,Agressive,Agressive
4.32,0.23,4.51,6.03,3.54,0.01,Agressive,Agressive
4.1,0.24,4.49,6.16,3.52,-0.01,Agressive,Agressive
3.93,0.25,4.42,6.18,3.65,0.02,Agressive,Agressive
3.93,0.25,4.45,6.27,3.76,0.02,Agressive,Agressive
4.18,0.24,4.45,6.43,3.79,-0.01,Agressive,Agressive
4.5,0.22,4.44,6.52,3.71,-0.01,Agressive,Agressive
4.63,0.22,4.44,6.53,3.7,-0.01,Agressive,Agressive
4.66,0.21,4.49,6.53,3.79,-0.01,Agressive,Agressive
4.65,0.21,4.38,6.58,4.04,-0.02,Agressive,Agressive
4.64,0.22,4.43,6.64,4.45,-0.02,Agressive,Agressive
4.65,0.22,4.49,6.58,4.45,-0.01,Agressive,Agressive
4.78,0.21,4.42,6.47,4.51,-0.01,Agressive,Agressive
4.95,0.2,4.6,6.35,4.65,-0.02,Agressive,Agressive
5.05,0.2,4.59,6.37,4.62,-0.03,Agressive,Agressive
4.97,0.2,4.57,6.6,4.57,-0.02,Agressive,Agressive
4.79,0.21,4.95,6.77,4.62,-0.02,Agressive,Agressive
4.77,0.21,4.97,6.77,4.65,-0.03,Agressive,Agressive
5.38,0.19,5.01,7.18,4.64,-0.05,Agressive,Agressive
5.84,0.17,5.14,7.76,4.71,-0.05,Agressive,Agressive
6.04,0.17,5.2,7.96,4.43,-0.06,Agressive,Agressive
6.09,0.16,5.14,8.06,4.38,-0.06,Agressive,Agressive
6.09,0.16,5.13,8.17,4.41,-0.06,Agressive,Agressive
6.09,0.16,5.08,8.22,4.26,-0.06,Agressive,Agressive
6.08,0.16,5.05,8.24,4.31,-0.07,Agressive,Agressive
6.09,0.16,5.1,8.22,4.33,-0.07,Agressive,Agressive
6.11,0.16,5.17,8.15,4.41,-0.07,Agressive,Agressive
6.15,0.16,4.96,8.09,4.52,-0.08,Agressive,Agressive
6.1,0.16,5.04,8.08,4.49,-0.08,Agressive,Agressive
5.88,0.17,5.03,7.82,4.5,-0.09,Agressive,Agressive
5.5,0.18,5.19,7.4,4.43,-0.11,Agressive,Agressive
5.34,0.19,5.28,7.16,4.4,-0.1,Agressive,Agressive
5.47,0.18,5.3,6.81,4.35,-0.09,Agressive,Agressive
5.57,0.18,5.27,6.42,4.45,-0.08,Agressive,Agressive
5.53,0.18,5.29,6.24,4.5,-0.07,Agressive,Agressive
5.51,0.18,5.29,6.13,4.46,-0.06,Agressive,Agressive
5.59,0.18,5.25,6.05,4.49,-0.06,Agressive,Agressive
5.58,0.18,5.22,6.06,4.43,-0.05,Agressive,Agressive
5.52,0.18,5.12,6.23,4.43,-0.05,Agressive,Agressive
5.45,0.18,5.08,6.36,4.49,-0.05,Agressive,Agressive
5.38,0.19,5.07,6.38,4.52,-0.05,Agressive,Agressive
5.24,0.19,4.8,6.33,4.67,-0.05,Agressive,Agressive
5.09,0.2,4.79,6.14,4.66,-0.04,Agressive,Agressive
4.89,0.2,4.81,5.89,4.91,-0.04,Agressive,Agressive
4.81,0.21,4.79,5.94,4.85,-0.03,Agressive,Agressive
4.79,0.21,4.83,6.09,5,-0.03,Agressive,Agressive
4.73,0.21,4.97,6.1,5.02,-0.03,Agressive,Agressive
4.68,0.21,5,6.1,5.12,-0.02,Agressive,Agressive
4.74,0.21,5.17,6.08,5.15,-0.02,Agressive,Agressive
4.7,0.21,5.26,5.89,5.1,-0.01,Agressive,Agressive
4.63,0.22,5.32,5.66,5.19,-0.01,Agressive,Agressive
4.63,0.22,5.37,5.58,5.12,-0.01,Agressive,Agressive
4.59,0.22,5.31,5.59,5.04,-0.01,Agressive,Agressive
4.54,0.22,5.23,5.63,5.03,-0.01,Agressive,Agressive
4.45,0.22,5.22,5.59,4.78,-0.01,Agressive,Agressive
4.43,0.23,5.15,5.4,4.53,-0.01,Agressive,Agressive
4.46,0.22,5.13,5.17,4.48,-0.02,Agressive,Agressive
4.2,0.24,5.05,5.03,4.35,-0.02,Agressive,Agressive
3.92,0.26,5.09,4.98,4.07,-0.02,Agressive,Agressive
3.67,0.27,4.83,4.95,4.08,-0.02,Agressive,Agressive
3.57,0.28,4.65,4.81,3.97,-0.01,Agressive,Agressive
3.49,0.29,4.43,4.63,3.83,-0.01,Agressive,Agressive
3.52,0.28,4.25,4.62,3.87,0,Agressive,Agressive
3.65,0.27,4.19,4.56,3.93,0.02,Agressive,Agressive
3.71,0.27,4.2,4.35,3.87,0.03,Agressive,Agressive
3.73,0.27,4.1,4.03,3.93,0.03,Agressive,Agressive
3.63,0.28,4.09,3.74,3.94,0.02,Agressive,Agressive
3.55,0.28,3.99,3.71,3.89,0.02,Agressive,Agressive
3.68,0.27,3.78,3.88,3.97,0,Agressive,Agressive
3.9,0.26,3.59,4.23,3.9,-0.02,Agressive,Agressive
3.98,0.25,3.59,4.66,3.94,-0.02,Agressive,Agressive
4.05,0.25,3.82,4.97,3.92,-0.03,Agressive,Agressive
4.14,0.24,3.89,5.15,4.09,-0.03,Agressive,Agressive
4.19,0.24,3.93,5.3,4.03,-0.03,Agressive,Agressive
4.13,0.24,4.09,5.33,4.04,-0.04,Agressive,Agressive
4.03,0.25,4.04,5.4,4,-0.05,Agressive,Agressive
3.91,0.26,4.13,5.56,4.01,-0.07,Agressive,Agressive
3.85,0.26,4.15,5.62,4.19,-0.08,Agressive,Agressive
4,0.25,4.42,5.67,4.54,-0.07,Agressive,Agressive
4.67,0.21,4.52,6.16,4.49,-0.06,Agressive,Agressive
5.08,0.2,4.57,6.56,4.61,-0.05,Agressive,Agressive
5.09,0.2,4.57,6.59,4.65,-0.05,Agressive,Agressive
5.09,0.2,4.59,6.56,4.59,-0.05,Agressive,Agressive
5.09,0.2,4.7,6.59,4.81,-0.05,Agressive,Agressive
5.13,0.19,4.68,6.6,4.88,-0.05,Agressive,Agressive
5.52,0.18,6.14,6.78,6.11,0.01,Sad,Sad
5.52,0.18,5.68,6.75,5.8,0.01,Sad,Sad
5.48,0.18,5.35,6.64,4.92,0.01,Sad,Sad
5.19,0.19,5.22,6.38,4.57,-0.01,Sad,Sad
4.6,0.22,5.07,6.06,4.66,-0.04,Sad,Sad
4.12,0.24,4.86,5.77,4.81,-0.06,Sad,Sad
4.16,0.24,5.1,5.65,5,-0.05,Sad,Sad
4.27,0.23,6.07,5.45,5.39,-0.03,Sad,Sad
4.2,0.24,6.12,5.06,5.49,-0.01,Sad,Sad
4.12,0.24,6.16,4.93,5.5,0,Sad,Sad
4.11,0.24,6.18,5.03,5.54,0.01,Sad,Sad
4.13,0.24,6.26,4.99,5.57,0.02,Sad,Sad
4.28,0.23,6.32,4.96,5.56,0.01,Sad,Sad
4.35,0.23,6.34,4.95,5.52,0.01,Sad,Sad
4.35,0.23,6.33,4.86,5.51,0.01,Sad,Sad
4.37,0.23,6.31,4.8,5.51,0,Sad,Sad
4.27,0.23,6.29,4.76,5.39,0,Sad,Sad
4.02,0.25,6.11,4.75,4.96,-0.01,Sad,Sad
3.72,0.27,5.64,4.7,4.81,-0.02,Sad,Sad
3.71,0.27,5.52,4.43,4.79,-0.03,Sad,Sad
3.75,0.27,5.46,3.94,4.86,-0.04,Sad,Sad
3.77,0.27,5.44,3.59,4.76,-0.04,Sad,Sad
3.7,0.27,5.29,3.61,4.71,-0.04,Sad,Sad
3.41,0.29,5.1,3.67,4.8,-0.05,Sad,Sad
3.33,0.3,5.12,3.5,4.84,-0.06,Sad,Sad
3.33,0.3,5.05,3.3,4.67,-0.06,Sad,Sad
3.19,0.31,5.11,3.4,4.77,-0.06,Sad,Sad
3.24,0.31,4.93,3.48,4.75,-0.05,Sad,Sad
3.34,0.3,4.93,3.58,4.84,-0.04,Sad,Sad
3.36,0.3,4.83,4.02,4.68,-0.02,Sad,Sad
3.35,0.3,4.93,4.39,4.71,-0.01,Sad,Sad
3.43,0.29,4.91,4.51,4.65,-0.01,Sad,Sad
3.55,0.28,4.88,4.63,4.72,-0.01,Sad,Sad
3.61,0.28,4.9,4.68,4.67,-0.01,Sad,Sad
3.63,0.28,4.74,4.68,4.47,-0.01,Sad,Sad
3.61,0.28,4.65,4.67,4.45,-0.01,Sad,Sad
3.7,0.27,4.62,4.63,4.4,0,Sad,Sad
3.71,0.27,4.63,4.57,4.25,0,Sad,Sad
3.66,0.27,4.53,4.68,4.28,-0.01,Sad,Sad
3.61,0.28,4.44,4.89,4.28,0,Sad,Sad
3.54,0.28,4.47,4.85,4.28,0,Sad,Sad
3.45,0.29,4.32,4.76,4.45,0.01,Sad,Sad
3.4,0.29,4.46,4.77,4.46,0.01,Sad,Sad
3.21,0.31,4.76,4.68,4.55,0.02,Sad,Sad
3.52,0.28,4.93,4.65,4.57,0,Sad,Sad
3.94,0.25,4.93,4.73,4.57,0,Sad,Sad
4.15,0.24,5,4.77,4.46,0,Sad,Sad
4.3,0.23,4.99,4.78,4.43,0,Sad,Sad
4.38,0.23,4.95,4.76,4.42,0.01,Sad,Sad
4.42,0.23,5.09,4.57,4.35,0.01,Sad,Sad
4.46,0.22,5.1,4.26,4.34,0.01,Sad,Sad
4.51,0.22,5.1,4.11,4.29,0.01,Sad,Sad
4.51,0.22,5.07,3.91,3.98,0.01,Sad,Sad
4.5,0.22,5.04,3.7,4.08,0,Sad,Sad
4.47,0.22,4.76,3.73,4.02,0,Sad,Sad
4.29,0.23,4.71,3.66,4.03,0.01,Sad,Sad
4.03,0.25,4.72,3.47,4.16,0.01,Sad,Sad
3.74,0.27,4.73,3.39,4.34,0.01,Sad,Sad
3.42,0.29,4.78,3.35,4.36,0.01,Sad,Sad
3.3,0.3,4.8,3.2,4.38,0.01,Sad,Sad
3.34,0.3,4.71,3.13,4.32,0,Sad,Sad
3.24,0.31,4.82,3.13,4.35,-0.03,Sad,Sad
3.07,0.33,4.84,3.01,4.59,-0.04,Sad,Sad
2.98,0.34,5.03,3.1,4.77,-0.02,Sad,Sad
3.05,0.33,5.01,3.46,4.6,-0.01,Sad,Sad
3.01,0.33,5.07,3.77,4.6,-0.01,Sad,Sad
2.9,0.34,5.11,3.85,4.65,-0.02,Sad,Sad
2.89,0.35,5.15,3.8,4.6,-0.02,Sad,Sad
2.92,0.34,5.2,3.88,4.56,-0.03,Sad,Sad
2.89,0.35,5.22,4.06,4.53,-0.04,Sad,Sad
2.5,0.4,5.25,4.09,4.56,-0.07,Sad,Sad
2.43,0.41,5.21,4.14,4.64,-0.07,Sad,Sad
3.01,0.33,5.15,4.29,4.68,-0.05,Sad,Sad
3.29,0.3,5.07,4.43,4.45,-0.04,Sad,Sad
3.62,0.28,4.96,4.46,4.42,-0.03,Sad,Sad
3.98,0.25,4.94,4.36,4.48,-0.02,Sad,Sad
4.1,0.24,5.12,4.5,4.53,-0.02,Sad,Sad
4.12,0.24,5.1,4.88,4.48,-0.02,Sad,Sad
4.17,0.24,5.18,5,4.59,-0.02,Sad,Sad
4.23,0.24,5.24,4.96,4.66,-0.01,Sad,Sad
4.32,0.23,5.15,5.08,4.79,-0.01,Sad,Sad
4.38,0.23,5.26,5.35,4.95,-0.01,Sad,Sad
4.43,0.23,5.9,5.41,4.93,-0.02,Sad,Sad
4.85,0.21,5.97,5.59,5,-0.03,Sad,Sad
5.13,0.2,6.02,5.82,4.97,-0.03,Sad,Sad
5.13,0.2,6.03,5.99,5.11,-0.04,Sad,Sad
5.09,0.2,5.99,6.11,5.06,-0.04,Sad,Sad
5.12,0.2,5.91,6.07,5.02,-0.04,Sad,Sad
5.13,0.19,5.88,6,5,-0.04,Sad,Sad
5.13,0.19,5.78,6.02,4.81,-0.04,Sad,Sad
5.13,0.19,5.74,6.02,4.77,-0.04,Sad,Sad
5.09,0.2,5.64,5.91,4.57,-0.05,Sad,Sad
5.07,0.2,5.48,5.82,4.24,-0.05,Sad,Sad
4.95,0.2,4.41,5.82,4.15,-0.05,Sad,Sad
4.41,0.23,3.74,5.61,3.83,-0.07,Sad,Sad
3.85,0.26,3.66,5.22,3.6,-0.06,Sad,Sad
3.85,0.26,3.67,4.66,3.05,-0.05,Sad,Sad
3.81,0.26,4.23,4.09,3.77,-0.05,Sad,Sad
3.88,0.26,4.25,4,3.76,-0.02,Sad,Sad
3.97,0.25,4.16,3.99,3.74,-0.01,Sad,Sad
3.92,0.26,4.33,3.7,3.79,0,Sad,Sad
3.87,0.26,4.35,3.56,3.9,0,Sad,Sad
4,0.25,4.37,3.69,3.82,0.01,Sad,Sad
4.07,0.25,4.43,3.8,3.9,0.01,Sad,Sad
4.07,0.25,4.51,3.74,3.9,0.01,Sad,Sad
4.07,0.25,4.64,3.73,4.04,0.01,Sad,Sad
4.04,0.25,4.73,4.15,4.07,0.01,Sad,Sad
