alpha,arousal1,betha,theta,gamma,valence1,'Stimuli (Audio)',Respuesta
2.55,0.39,3.27,4.3,2.1,-0.03,Happy,?
2.64,0.38,2.82,4.23,2,-0.03,Happy,?
2.56,0.39,2.8,3.81,2.01,-0.04,Happy,?
2.44,0.41,2.79,3.31,2.03,-0.06,Happy,?
2.44,0.41,2.76,3.52,2.03,-0.08,Happy,?
2.42,0.41,2.77,3.66,2.12,-0.08,Happy,?
2.42,0.41,2.79,3.63,2.17,-0.08,Happy,?
2.42,0.41,2.83,3.6,2.23,-0.08,Happy,?
2.49,0.4,3.04,3.51,2.28,-0.06,Happy,?
2.94,0.34,3.05,3.78,2.41,-0.02,Happy,?
3.28,0.3,3.07,4.19,3.03,0,Happy,?
3.29,0.3,3.34,4.4,3.43,0.01,Happy,?
3.38,0.3,4.2,4.49,3.82,0.01,Happy,?
4.12,0.24,5.22,4.98,4.25,0,Happy,?
5.47,0.18,5.37,5.94,4.45,-0.01,Happy,?
6.34,0.16,5.53,6.47,4.55,-0.01,Happy,?
6.65,0.15,5.59,6.73,4.66,-0.01,Happy,?
6.7,0.15,5.63,6.97,4.68,-0.01,Happy,?
6.71,0.15,5.66,7.09,4.72,-0.01,Happy,?
6.71,0.15,5.66,7.12,4.74,-0.01,Happy,?
6.69,0.15,5.65,7.13,4.69,-0.01,Happy,?
6.69,0.15,5.64,7.13,4.62,-0.01,Happy,?
6.69,0.15,5.59,7.12,4.45,-0.01,Happy,?
6.69,0.15,5.22,7.12,4.36,-0.01,Happy,?
6.58,0.15,4.81,7.01,3.78,-0.01,Happy,?
6.11,0.16,4.42,6.64,3.69,-0.01,Happy,?
5.21,0.19,4.02,6.4,3.39,-0.01,Happy,?
3.97,0.25,3.9,6.13,3.15,0,Happy,?
3.28,0.3,3.74,5.5,2.94,0.01,Happy,?
3.21,0.31,3.59,4.75,2.82,0.01,Happy,?
3.09,0.32,3.6,4.25,2.9,0.01,Happy,?
3.07,0.33,3.65,3.97,2.96,0.01,Happy,?
2.92,0.34,3.69,3.85,3,0,Happy,?
2.9,0.35,3.69,3.69,3.07,-0.01,Happy,?
2.86,0.35,3.86,3.45,2.99,-0.03,Happy,?
2.89,0.35,3.77,3.04,2.97,-0.03,Happy,?
2.83,0.35,3.76,2.81,2.99,-0.02,Happy,?
2.68,0.37,3.82,2.83,2.84,-0.02,Happy,?
2.56,0.39,3.81,2.97,2.86,-0.02,Happy,?
2.53,0.4,3.75,2.96,2.93,-0.01,Happy,?
2.59,0.39,3.75,2.69,2.76,0,Happy,?
2.56,0.39,3.76,2.5,2.91,0,Happy,?
2.43,0.41,3.74,2.54,3.03,0,Happy,?
2.43,0.41,3.65,2.65,3.1,0,Happy,?
2.45,0.41,3.6,2.68,3.31,-0.01,Happy,?
2.59,0.39,3.5,2.82,3.46,0.01,Happy,?
3.11,0.32,3.46,3.71,3.46,0.01,Happy,?
3.54,0.28,3.71,4.33,4.19,0.01,Happy,?
3.74,0.27,3.77,4.71,4.23,0.01,Happy,?
3.82,0.26,3.86,5.01,4.27,0.01,Happy,?
3.82,0.26,3.84,5.16,4.29,0.01,Happy,?
3.79,0.26,3.9,5.26,4.35,0.01,Happy,?
3.78,0.26,4.15,5.34,4.33,0.02,Happy,?
3.79,0.26,4.17,5.41,4.33,0.02,Happy,?
3.82,0.26,4.2,5.46,4.27,0.02,Happy,?
3.92,0.25,4.17,5.47,4.2,0.02,Happy,?
3.89,0.26,4.14,5.43,4.15,0.01,Happy,?
3.6,0.28,4.06,5.29,3.86,0.02,Happy,?
3.24,0.31,3.86,5.1,3.31,0.02,Happy,?
2.98,0.34,3.74,4.84,3.07,0.02,Happy,?
2.87,0.35,3.63,4.52,3.03,0.02,Happy,?
2.87,0.35,3.55,4.37,2.67,0.01,Happy,?
2.95,0.34,3.29,4.31,2.41,-0.01,Happy,?
2.96,0.34,2.7,4.21,2.14,-0.02,Happy,?
2.9,0.34,2.72,3.95,2.4,-0.02,Happy,?
2.84,0.35,2.78,3.69,2.48,-0.02,Happy,?
2.72,0.37,2.84,3.81,2.4,-0.02,Happy,?
2.63,0.38,2.88,3.96,2.72,0,Happy,?
2.64,0.38,2.93,3.92,2.81,0.01,Happy,?
2.84,0.35,3.05,3.96,2.79,0.01,Happy,?
3,0.33,3.11,4.03,2.83,0.01,Happy,?
3.04,0.33,3.11,3.95,2.83,0.01,Happy,?
3.03,0.33,3.14,3.79,2.87,0.01,Happy,?
2.96,0.34,3.22,3.69,2.97,0.01,Happy,?
2.98,0.34,3.19,3.63,2.98,0.02,Happy,?
3.01,0.33,3.08,3.62,2.82,0.03,Happy,?
2.91,0.34,2.99,3.62,2.84,0.03,Happy,?
2.77,0.36,3.26,3.43,2.99,0.04,Happy,?
2.95,0.34,3.24,3.36,2.75,0.05,Happy,?
3.3,0.3,3.22,3.58,2.72,0.05,Happy,?
3.35,0.3,3.11,3.7,2.73,0.05,Happy,?
3.28,0.31,3.1,3.63,2.67,0.05,Happy,?
3.29,0.3,3.06,3.76,2.64,0.05,Happy,?
3.28,0.31,2.99,4.09,2.59,0.05,Happy,?
3.29,0.3,3.01,4.25,2.52,0.05,Happy,?
3.3,0.3,3.05,4.28,2.57,0.04,Happy,?
3.26,0.31,3.04,4.56,2.59,0.04,Happy,?
3.28,0.31,3.01,4.9,2.36,0.03,Happy,?
3.25,0.31,2.5,5.06,2.13,0.01,Happy,?
2.97,0.34,2.49,5.1,2.2,-0.01,Happy,?
2.67,0.37,2.55,5.07,2.05,-0.04,Happy,?
2.95,0.34,2.69,5.06,2.02,-0.02,Happy,?
3.23,0.31,2.69,5.06,2.01,-0.01,Happy,?
3.28,0.31,2.74,5.02,2.04,-0.01,Happy,?
3.27,0.31,2.75,4.91,1.84,-0.01,Happy,?
3.24,0.31,2.63,4.84,1.69,0,Happy,?
3.22,0.31,2.65,4.79,1.46,0,Happy,?
3.22,0.31,2.66,4.53,1.37,0,Happy,?
3.18,0.31,2.65,4.08,1.25,0.01,Happy,?
3.15,0.32,2.63,3.57,1.15,0.02,Happy,?
3.14,0.32,2.54,3.26,1.6,0.03,Happy,?
3,0.33,2.41,3.42,1.83,0.02,Happy,?
2.74,0.37,2.68,3.68,2.06,-0.01,Happy,?
2.69,0.37,2.93,3.9,2.14,-0.02,Happy,?
2.94,0.34,3.04,4.2,2.22,-0.01,Happy,?
3.45,0.29,3.58,3.98,3.31,-0.05,Happy,Happy
3.44,0.29,3.6,4.11,3.28,-0.05,Happy,Happy
3.79,0.26,4.2,5.35,3.46,-0.02,Happy,Happy
4.84,0.21,4.11,6.39,3.71,-0.01,Happy,Happy
5.32,0.19,4.15,6.69,3.68,-0.01,Happy,Happy
5.44,0.18,4.19,6.7,3.66,-0.01,Happy,Happy
5.51,0.18,4.26,6.71,3.7,-0.01,Happy,Happy
5.55,0.18,4.29,6.71,3.72,-0.01,Happy,Happy
5.57,0.18,4.24,6.7,3.7,-0.01,Happy,Happy
5.57,0.18,4.28,6.69,3.76,-0.01,Happy,Happy
5.57,0.18,4.32,6.69,3.82,-0.01,Happy,Happy
5.58,0.18,4.36,6.69,3.81,-0.01,Happy,Happy
5.58,0.18,4.09,6.68,3.94,-0.01,Happy,Happy
5.42,0.18,3.86,6.47,3.75,-0.01,Happy,Happy
5.02,0.2,3.81,5.58,3.75,-0.01,Happy,Happy
4.48,0.22,3.98,4.4,3.79,-0.02,Happy,Happy
4.28,0.23,4.17,4.21,4.29,-0.02,Happy,Happy
4.17,0.24,4.21,4.14,4.3,-0.03,Happy,Happy
4,0.25,4.38,4.25,4.42,-0.04,Happy,Happy
4.03,0.25,4.5,4.51,4.43,-0.03,Happy,Happy
4.02,0.25,4.49,4.71,4.4,-0.03,Happy,Happy
4.07,0.25,4.5,4.85,4.34,-0.02,Happy,Happy
4.13,0.24,4.52,5,4.34,-0.02,Happy,Happy
4.1,0.24,4.59,5.11,4.24,-0.01,Happy,Happy
4.11,0.24,4.67,5.05,4.22,-0.01,Happy,Happy
4.16,0.24,4.68,5.11,4.41,-0.01,Happy,Happy
4.13,0.24,4.45,5.18,4.38,-0.01,Happy,Happy
4.02,0.25,4.65,5.29,4.13,0,Happy,Happy
4,0.25,4.67,5.58,4.1,0,Happy,Happy
4.24,0.24,4.78,5.63,4.2,0,Happy,Happy
4.59,0.22,5,5.93,4.22,0,Happy,Happy
4.84,0.21,4.99,6.51,4.22,0,Happy,Happy
4.96,0.2,4.97,6.76,4.2,0,Happy,Happy
4.94,0.2,4.94,6.82,4.12,0,Happy,Happy
5.01,0.2,4.93,6.86,4.12,0,Happy,Happy
5.08,0.2,4.94,6.88,4.1,0,Happy,Happy
5.07,0.2,4.93,6.93,3.88,0,Happy,Happy
5.07,0.2,4.92,6.93,3.74,0,Happy,Happy
5.06,0.2,4.75,6.89,3.77,0,Happy,Happy
4.99,0.2,4.66,6.91,3.7,0,Happy,Happy
4.82,0.21,4.22,6.97,3.33,0,Happy,Happy
4.62,0.22,4.04,6.82,3.36,0,Happy,Happy
4.21,0.24,4.06,6.49,3.33,0,Happy,Happy
4.02,0.25,4.06,6.33,3.34,0,Happy,Happy
3.96,0.25,4.06,6.21,3.27,0,Happy,Happy
3.78,0.26,4.08,6.1,3.33,0,Happy,Happy
3.66,0.27,4.26,6.01,3.42,0,Happy,Happy
3.67,0.27,4.43,5.91,3.39,-0.01,Happy,Happy
3.68,0.27,4.45,5.88,3.25,-0.01,Happy,Happy
3.76,0.27,4.4,5.81,3.28,0,Happy,Happy
3.88,0.26,4.48,5.46,3.3,0.01,Happy,Happy
3.93,0.25,4.53,5.33,3.28,0.02,Happy,Happy
3.92,0.26,4.53,5.64,3.29,0.03,Happy,Happy
3.93,0.25,4.74,5.78,3.38,0.04,Happy,Happy
4.09,0.24,4.77,5.92,3.34,0.03,Happy,Happy
4.38,0.23,4.71,6.12,3.33,0.02,Happy,Happy
4.5,0.22,4.7,6.23,3.15,0.02,Happy,Happy
4.62,0.22,4.54,6.25,2.9,0.01,Happy,Happy
4.72,0.21,4.39,6.26,2.95,0.01,Happy,Happy
4.74,0.21,4.41,6.27,2.81,0.01,Happy,Happy
4.71,0.21,4.39,6.27,2.55,0.01,Happy,Happy
4.64,0.22,4.2,6.29,2.48,0,Happy,Happy
4.66,0.21,4.11,6.21,2.55,0,Happy,Happy
4.67,0.21,4.08,6.03,2.34,0,Happy,Happy
4.66,0.21,3.44,5.85,2.13,0,Happy,Happy
4.52,0.22,3.38,5.54,2.12,0,Happy,Happy
4.34,0.23,3.29,5.12,2.05,0,Happy,Happy
4.12,0.24,2.97,4.79,2.16,0,Happy,Happy
3.8,0.26,2.92,4.68,1.98,-0.01,Happy,Happy
3.54,0.28,2.85,4.62,2.08,-0.01,Happy,Happy
3.33,0.3,2.69,4.61,2.14,-0.01,Happy,Happy
3.33,0.3,2.66,4.6,2.28,-0.01,Happy,Happy
3.24,0.31,2.58,4.54,2.44,0,Happy,Happy
3.04,0.33,2.46,4.48,2.36,0,Happy,Happy
2.9,0.35,2.55,4.13,2.36,0,Happy,Happy
2.85,0.35,2.48,3.76,2.33,0.01,Happy,Happy
2.39,0.42,2.37,3.68,2.33,0.02,Happy,Happy
2.08,0.48,2.47,3.61,2.22,0,Happy,Happy
2.05,0.49,2.52,3.51,2.2,0.03,Happy,Happy
1.76,0.57,2.68,3.4,2.24,0.1,Happy,Happy
1.49,0.67,2.69,3.29,2.11,0.14,Happy,Happy
1.48,0.68,2.63,3.37,2.05,0.13,Happy,Happy
1.49,0.67,2.76,3.49,1.96,0.04,Happy,Happy
1.7,0.59,3.34,3.75,2.09,0,Happy,Happy
1.91,0.52,3.84,4.06,2.09,0.01,Happy,Happy
2.58,0.39,3.9,4.12,2.22,0.01,Happy,Happy
2.87,0.35,4,4.15,2.22,0.02,Happy,Happy
3,0.33,4.1,4.22,2.29,0.01,Happy,Happy
3.51,0.28,4.15,4.3,2.35,0,Happy,Happy
3.73,0.27,4.23,4.4,2.4,0,Happy,Happy
3.8,0.26,4.25,4.52,2.36,0,Happy,Happy
3.82,0.26,4.33,4.59,2.44,0,Happy,Happy
3.82,0.26,4.36,4.56,2.5,0,Happy,Happy
3.81,0.26,4.31,4.48,2.26,0,Happy,Happy
3.79,0.26,4.17,4.29,2.31,0,Happy,Happy
3.78,0.26,4.01,4.16,2.37,0,Happy,Happy
3.8,0.26,3.98,4.2,2.43,0,Happy,Happy
3.86,0.26,3.85,4.39,2.4,0,Happy,Happy
3.69,0.27,3.74,4.57,2.29,0,Happy,Happy
3.34,0.3,3.59,4.61,2.22,0,Happy,Happy
3.17,0.32,3.51,4.56,2.2,0,Happy,Happy
3.16,0.32,3.56,4.45,2.18,0.01,Happy,Happy
3.38,0.3,3.5,4.43,2.12,0,Happy,Happy
3.53,0.28,3.36,4.47,2.09,-0.01,Happy,Happy
3.59,0.28,3.29,4.47,2.16,-0.01,Happy,Happy
3.6,0.28,2.94,4.42,2.08,-0.01,Happy,Happy
3.77,0.26,3.39,5.49,3.27,0.18,Sad,Sad
3.81,0.26,3.53,5.42,3.31,0.19,Sad,Sad
4.04,0.25,3.62,5.32,3.7,0.21,Sad,Sad
4.27,0.23,7,5.3,7.44,0.21,Sad,Sad
5.06,0.2,7.54,5.95,7.46,0.08,Sad,Sad
6.14,0.16,7.55,6.81,7.47,0.05,Sad,Sad
6.54,0.15,7.55,7.08,7.47,0.04,Sad,Sad
6.63,0.15,7.55,7.11,7.47,0.04,Sad,Sad
6.64,0.15,7.55,7.14,7.49,0.04,Sad,Sad
6.66,0.15,7.55,7.17,7.49,0.04,Sad,Sad
6.66,0.15,7.56,7.18,7.51,0.04,Sad,Sad
6.66,0.15,7.66,7.16,7.61,0.04,Sad,Sad
6.66,0.15,7.68,7.15,7.62,0.04,Sad,Sad
6.71,0.15,7.69,7.2,7.51,0.04,Sad,Sad
6.73,0.15,6.07,7.2,5.89,0.04,Sad,Sad
6.57,0.15,5.84,6.84,5.76,0.04,Sad,Sad
5.95,0.17,5.82,6.28,5.75,0.07,Sad,Sad
5.24,0.19,5.84,6.14,5.75,0.14,Sad,Sad
5.13,0.2,5.84,6.16,5.74,0.16,Sad,Sad
5.02,0.2,5.83,6.08,5.6,0.18,Sad,Sad
4.98,0.2,5.82,6.01,5.42,0.18,Sad,Sad
4.99,0.2,5.78,6.01,5.01,0.18,Sad,Sad
4.98,0.2,4.46,6,2.65,0.21,Sad,Sad
4.61,0.22,4.02,5.93,2.5,0.24,Sad,Sad
3.96,0.25,3.57,5.65,2.46,0.23,Sad,Sad
3.58,0.28,3.24,5.46,2.12,0.21,Sad,Sad
3.37,0.3,3.37,5.4,2.23,0.21,Sad,Sad
2.98,0.34,3.34,5.03,2.58,0.15,Sad,Sad
3.23,0.31,3.58,4.47,3.46,0.08,Sad,Sad
3.73,0.27,4.07,4.55,3.87,0.04,Sad,Sad
3.94,0.25,4.06,4.81,3.93,0.03,Sad,Sad
3.94,0.25,4.1,4.78,4.03,0.03,Sad,Sad
4.02,0.25,4.25,4.83,4.11,0.02,Sad,Sad
4.08,0.25,4.24,5.07,4.21,0.01,Sad,Sad
4.08,0.25,4.27,5.37,4.23,0.01,Sad,Sad
4.07,0.25,4.36,5.54,4.27,0.01,Sad,Sad
4.09,0.24,4.38,5.56,4.26,0.01,Sad,Sad
4.11,0.24,4.29,5.52,4.27,0,Sad,Sad
4.07,0.25,4.29,5.46,4.22,-0.01,Sad,Sad
3.85,0.26,3.99,5.46,3.64,-0.01,Sad,Sad
3.36,0.3,3.64,5.31,3.56,-0.03,Sad,Sad
3.22,0.31,3.65,5.23,3.37,-0.04,Sad,Sad
3.1,0.32,3.63,5.2,3.33,-0.04,Sad,Sad
2.95,0.34,3.49,5.07,3.13,-0.06,Sad,Sad
2.81,0.36,3.62,4.7,3.05,-0.08,Sad,Sad
2.86,0.35,3.46,4.01,3.11,-0.07,Sad,Sad
3.04,0.33,3.43,3.57,3.22,-0.05,Sad,Sad
2.94,0.34,3.59,3.72,3.39,-0.05,Sad,Sad
2.85,0.35,3.6,3.99,3.51,-0.04,Sad,Sad
2.99,0.33,3.68,4.16,3.5,-0.01,Sad,Sad
3.07,0.33,3.74,4.21,3.54,-0.01,Sad,Sad
3.12,0.32,3.7,4.22,3.53,-0.01,Sad,Sad
3.34,0.3,3.65,4.25,3.5,0.01,Sad,Sad
3.39,0.29,3.59,4.33,3.48,0.02,Sad,Sad
3.32,0.3,3.46,4.29,3.48,0.03,Sad,Sad
3.31,0.3,3.43,4.2,3.47,0.04,Sad,Sad
3.2,0.31,3.54,4.17,3.3,0.05,Sad,Sad
3.12,0.32,3.45,4.12,3.15,0.07,Sad,Sad
3.3,0.3,3.38,4,3.02,0.07,Sad,Sad
3.48,0.29,3.31,3.87,2.75,0.06,Sad,Sad
3.55,0.28,3.23,3.79,2.69,0.06,Sad,Sad
3.59,0.28,3.11,3.8,2.54,0.06,Sad,Sad
3.54,0.28,3.01,3.82,2.52,0.06,Sad,Sad
3.35,0.3,2.97,3.7,2.41,0.06,Sad,Sad
3.36,0.3,3,3.63,2.42,0.05,Sad,Sad
3.42,0.29,3.03,3.62,2.48,0.04,Sad,Sad
3.43,0.29,3.04,3.67,2.41,0.03,Sad,Sad
3.43,0.29,3.09,3.75,2.66,0.03,Sad,Sad
3.35,0.3,3.15,3.76,2.68,0.02,Sad,Sad
3.12,0.32,3.16,3.69,2.81,0.01,Sad,Sad
2.87,0.35,3.2,3.83,3,0.01,Sad,Sad
2.76,0.36,3.17,3.98,3,0.02,Sad,Sad
2.67,0.37,3.18,3.95,3.09,0.03,Sad,Sad
2.81,0.36,3.23,3.93,3.27,0.04,Sad,Sad
2.91,0.34,3.26,4,3.29,0.04,Sad,Sad
2.85,0.35,3.31,4.06,3.27,0.05,Sad,Sad
2.75,0.36,3.29,4.05,3.3,0.06,Sad,Sad
2.73,0.37,3.05,4.02,3.26,0.08,Sad,Sad
2.85,0.35,3.06,3.98,3.17,0.09,Sad,Sad
3.06,0.33,2.99,3.95,3.18,0.09,Sad,Sad
3.15,0.32,2.97,3.82,3.13,0.1,Sad,Sad
3.16,0.32,2.9,3.52,3.03,0.1,Sad,Sad
3.22,0.31,2.9,3.53,3.1,0.09,Sad,Sad
3.42,0.29,2.9,3.85,2.94,0.04,Sad,Sad
3.53,0.28,2.95,4.01,2.83,0.02,Sad,Sad
3.5,0.29,2.95,4.04,2.79,0.03,Sad,Sad
3.48,0.29,2.86,4.04,2.72,0.03,Sad,Sad
3.48,0.29,3.02,4.09,2.95,0.03,Sad,Sad
3.53,0.28,2.91,4.22,2.97,0.03,Sad,Sad
3.59,0.28,3.03,4.4,2.94,0.03,Sad,Sad
3.54,0.28,3.04,4.51,2.85,0.03,Sad,Sad
3.49,0.29,3.14,4.5,2.85,0.02,Sad,Sad
3.5,0.29,3.23,4.49,2.86,0.02,Sad,Sad
3.33,0.3,3.21,4.4,2.83,0.02,Sad,Sad
3.05,0.33,3.18,4.18,2.88,0.03,Sad,Sad
2.88,0.35,3.14,3.99,3.03,0.04,Sad,Sad
2.86,0.35,3.16,3.89,3.02,0.04,Sad,Sad
2.89,0.35,3.22,3.87,3.03,0.04,Sad,Sad
2.88,0.35,3.1,3.91,3.09,0.05,Sad,Sad
2.76,0.36,3.17,3.73,3.12,0.03,Sad,Sad
2.53,0.4,3.28,3.31,3.13,-0.05,Sad,Sad
2.54,0.39,3.25,3.16,3.11,-0.09,Sad,Sad
2.47,0.41,3.13,3.26,3.11,-0.1,Sad,Sad
2.28,0.44,3.1,3.29,3.17,-0.11,Sad,Sad
2.23,0.45,3.26,3.32,3.27,-0.1,Sad,Sad
2.37,0.42,3.23,3.42,3.24,-0.07,Sad,Sad
2.4,0.42,3.22,3.45,3.16,-0.05,Sad,Sad
3.38,0.3,3.79,4.79,2.08,0,Agressive,Sad
3.32,0.3,3.51,4.79,2.06,0,Agressive,Sad
3.11,0.32,3.47,4.79,2.03,0.01,Agressive,Sad
3.01,0.33,3.48,4.66,1.94,0.02,Agressive,Sad
2.98,0.34,3.43,4.53,1.93,0.03,Agressive,Sad
2.56,0.39,3.43,4.5,2.08,0.05,Agressive,Sad
2.27,0.44,3.19,4.4,2.07,0.06,Agressive,Sad
2.32,0.43,3.12,4.28,2.05,0.08,Agressive,Sad
2.46,0.41,3.17,4.1,1.97,0.06,Agressive,Sad
2.52,0.4,3.04,3.7,1.97,0.04,Agressive,Sad
2.51,0.4,3.13,3.4,2.04,0.05,Agressive,Sad
2.59,0.39,3.28,3.37,2.07,0.03,Agressive,Sad
2.56,0.39,3.27,3.32,2.09,0.03,Agressive,Sad
2.52,0.4,3.14,3.28,2.07,0.04,Agressive,Sad
2.49,0.4,3.34,3.24,2.18,0.04,Agressive,Sad
2.29,0.44,3.39,3.3,2.17,0.03,Agressive,Sad
2.48,0.4,3.43,3.39,2.12,0.03,Agressive,Sad
2.91,0.34,3.34,3.26,2.24,0.02,Agressive,Sad
3.05,0.33,3.34,3.02,2.35,0.02,Agressive,Sad
2.99,0.33,3.33,3.15,2.45,0.03,Agressive,Sad
2.97,0.34,3.33,3.36,2.48,0.03,Agressive,Sad
2.96,0.34,3.17,3.52,2.49,0.04,Agressive,Sad
2.92,0.34,3.13,3.63,2.44,0.05,Agressive,Sad
2.91,0.34,3.13,3.71,2.43,0.06,Agressive,Sad
2.9,0.34,3.11,3.74,2.4,0.06,Agressive,Sad
2.9,0.35,2.83,3.75,2.3,0.06,Agressive,Sad
2.86,0.35,2.73,3.72,2.3,0.05,Agressive,Sad
2.56,0.39,2.46,3.92,2.07,0.06,Agressive,Sad
2.16,0.46,2.44,4.06,2.07,0.07,Agressive,Sad
2.01,0.5,2.39,4.03,1.85,0.05,Agressive,Sad
2,0.5,2.62,4.02,1.63,0.05,Agressive,Sad
1.99,0.5,2.65,3.99,1.66,0.06,Agressive,Sad
2.08,0.48,2.69,3.93,1.58,0.05,Agressive,Sad
2.12,0.47,2.68,3.86,1.61,0.05,Agressive,Sad
2.16,0.46,2.69,3.78,1.63,0.04,Agressive,Sad
2.33,0.43,2.72,3.8,1.67,0.02,Agressive,Sad
2.44,0.41,2.73,3.9,1.68,0,Agressive,Sad
2.4,0.42,2.76,3.9,1.75,-0.01,Agressive,Sad
2.3,0.43,2.84,3.63,1.72,-0.02,Agressive,Sad
2.29,0.44,2.93,3.44,1.63,0,Agressive,Sad
2.71,0.37,2.95,3.34,1.52,0.01,Agressive,Sad
3.08,0.32,2.7,3.31,1.63,0.01,Agressive,Sad
3.19,0.31,2.74,3.36,1.65,0.01,Agressive,Sad
3.19,0.31,2.81,3.41,1.61,0,Agressive,Sad
3.19,0.31,2.76,3.43,1.61,-0.01,Agressive,Sad
3.19,0.31,3.07,3.33,2.18,0,Agressive,Sad
3.12,0.32,3.32,3.07,2.18,0.01,Agressive,Sad
3.12,0.32,3.37,2.84,2.23,0.02,Agressive,Sad
3.17,0.32,3.43,2.86,2.13,0.03,Agressive,Sad
3.22,0.31,3.43,2.92,2.15,0.03,Agressive,Sad
3.12,0.32,3.42,2.92,2.17,0.02,Agressive,Sad
2.88,0.35,3.44,2.73,2.2,0.03,Agressive,Sad
2.67,0.37,3.52,2.57,2.21,0.05,Agressive,Sad
2.54,0.39,3.47,2.8,2.22,0.07,Agressive,Sad
2.62,0.38,3.45,2.89,2.29,0.07,Agressive,Sad
2.71,0.37,3.49,2.88,2.26,0.06,Agressive,Sad
2.72,0.37,3.18,2.93,1.91,0.06,Agressive,Sad
2.71,0.37,3.2,2.99,1.86,0.05,Agressive,Sad
2.64,0.38,3.18,2.97,1.88,0.05,Agressive,Sad
2.55,0.39,3.04,2.83,2.02,0.05,Agressive,Sad
2.53,0.4,3.2,2.74,1.99,0.04,Agressive,Sad
2.65,0.38,3.37,2.73,2.15,0.02,Agressive,Sad
2.89,0.35,3.4,2.91,2.26,-0.01,Agressive,Sad
3.26,0.31,3.33,3.21,2.19,-0.01,Agressive,Sad
3.42,0.29,3.32,3.36,2.24,-0.02,Agressive,Sad
3.4,0.29,3.33,3.51,2.18,-0.02,Agressive,Sad
3.38,0.3,3.3,3.63,2.13,-0.02,Agressive,Sad
3.45,0.29,3.24,3.65,2.19,-0.02,Agressive,Sad
3.55,0.28,3.15,3.6,2.29,-0.01,Agressive,Sad
3.58,0.28,3.13,3.63,2.32,-0.01,Agressive,Sad
3.57,0.28,3.13,3.77,2.24,-0.02,Agressive,Sad
3.55,0.28,2.86,3.91,2.31,-0.01,Agressive,Sad
3.54,0.28,2.84,3.95,2.29,-0.01,Agressive,Sad
3.43,0.29,2.89,3.87,2.21,-0.01,Agressive,Sad
3.14,0.32,2.96,3.69,2.2,-0.01,Agressive,Sad
2.99,0.33,3.08,3.49,2.22,-0.01,Agressive,Sad
3.02,0.33,3.06,3.29,2.24,-0.02,Agressive,Sad
3,0.33,3.03,3.09,2.21,-0.03,Agressive,Sad
2.87,0.35,3.14,3.04,2.25,-0.06,Agressive,Sad
2.81,0.36,3.15,3.01,2.22,-0.08,Agressive,Sad
2.79,0.36,3.22,2.91,2.21,-0.08,Agressive,Sad
2.83,0.35,3.33,2.63,2.27,-0.08,Agressive,Sad
2.86,0.35,3.44,2.16,2.18,-0.09,Agressive,Sad
2.7,0.37,3.4,2.22,2.08,-0.13,Agressive,Sad
2.56,0.39,3.3,2.71,2.19,-0.17,Agressive,Sad
2.47,0.4,3.2,3.11,2.24,-0.19,Agressive,Sad
2.39,0.42,3.1,3.28,2.21,-0.21,Agressive,Sad
2.26,0.44,3.13,3.29,2.21,-0.23,Agressive,Sad
2.2,0.45,3.2,3.31,2.21,-0.22,Agressive,Sad
2.17,0.46,3.14,3.37,2.08,-0.22,Agressive,Sad
2.14,0.47,3.1,3.45,2.09,-0.23,Agressive,Sad
2.21,0.45,3.04,3.52,2.08,-0.21,Agressive,Sad
2.21,0.45,2.86,3.53,1.93,-0.18,Agressive,Sad
2.22,0.45,2.57,3.51,1.99,-0.17,Agressive,Sad
2.25,0.44,2.58,3.49,2.02,-0.14,Agressive,Sad
2.25,0.44,2.91,3.36,1.84,-0.12,Agressive,Sad
2.23,0.45,3.08,3.11,1.86,-0.11,Agressive,Sad
2.25,0.44,3.17,2.96,1.97,-0.1,Agressive,Sad
2.32,0.43,3.2,2.96,1.96,-0.07,Agressive,Sad
2.42,0.41,3.23,2.93,1.98,-0.04,Agressive,Sad
2.79,0.36,3.22,2.97,1.97,-0.03,Agressive,Sad
2.99,0.33,3.31,2.95,1.94,-0.03,Agressive,Sad
2.95,0.34,3.27,2.86,1.98,-0.03,Agressive,Sad
2.93,0.34,3.27,2.92,1.97,-0.03,Agressive,Sad
2.91,0.34,3.27,3.07,1.92,-0.04,Agressive,Sad
2.89,0.35,3.15,3.02,1.91,-0.04,Agressive,Sad
2.92,0.34,2.99,3.11,1.91,-0.04,Agressive,Sad
4.97,0.2,4.06,6.82,3.36,0,Calm,Calm
4.8,0.21,3.73,6.82,3.27,0,Calm,Calm
4.75,0.21,3.62,6.81,3.23,-0.01,Calm,Calm
4.65,0.21,3.62,6.76,3.24,0,Calm,Calm
4.37,0.23,3.62,6.73,3.2,-0.01,Calm,Calm
4.25,0.24,3.21,6.74,2.6,-0.01,Calm,Calm
4.12,0.24,3,6.66,2.49,-0.01,Calm,Calm
3.77,0.27,2.85,6.34,2.33,-0.01,Calm,Calm
3.27,0.31,2.85,5.85,2.31,-0.01,Calm,Calm
2.88,0.35,2.88,5.3,2.23,0.01,Calm,Calm
2.81,0.36,2.88,4.8,1.95,0.04,Calm,Calm
2.73,0.37,2.78,4.4,1.89,0.05,Calm,Calm
2.72,0.37,2.79,4.04,1.85,0.04,Calm,Calm
2.73,0.37,2.68,3.83,1.83,0.04,Calm,Calm
2.7,0.37,2.61,3.73,1.75,0.03,Calm,Calm
2.68,0.37,2.59,3.62,1.62,0.02,Calm,Calm
2.7,0.37,2.38,3.41,1.57,0.01,Calm,Calm
2.59,0.39,2.35,2.88,1.57,0.01,Calm,Calm
2.41,0.41,2.39,2.35,1.54,0,Calm,Calm
2.36,0.42,2.24,2.37,1.6,-0.01,Calm,Calm
2.39,0.42,2.16,2.39,1.66,-0.03,Calm,Calm
2.22,0.45,2.1,2.44,1.68,-0.04,Calm,Calm
2.15,0.46,2.49,2.62,1.72,-0.03,Calm,Calm
2.25,0.45,2.61,2.87,1.73,-0.02,Calm,Calm
2.3,0.44,2.59,2.98,1.81,-0.01,Calm,Calm
2.32,0.43,2.56,2.9,1.9,-0.01,Calm,Calm
2.24,0.45,2.68,2.81,1.87,-0.02,Calm,Calm
2.19,0.46,2.69,2.77,1.86,-0.03,Calm,Calm
2.17,0.46,2.71,2.76,1.85,-0.03,Calm,Calm
2.2,0.45,2.78,2.73,1.84,-0.04,Calm,Calm
2.27,0.44,2.79,2.65,1.68,-0.05,Calm,Calm
2.34,0.43,2.79,2.73,1.66,-0.05,Calm,Calm
2.46,0.41,2.75,2.83,1.65,-0.06,Calm,Calm
2.52,0.4,2.4,2.67,1.66,-0.08,Calm,Calm
2.55,0.39,2.48,2.57,1.55,-0.11,Calm,Calm
2.52,0.4,2.49,2.76,1.52,-0.12,Calm,Calm
2.56,0.39,2.36,2.86,1.51,-0.11,Calm,Calm
2.56,0.39,2.26,2.86,1.55,-0.12,Calm,Calm
2.45,0.41,2.22,2.86,1.61,-0.15,Calm,Calm
2.37,0.42,2.6,2.81,1.81,-0.16,Calm,Calm
2.32,0.43,2.58,2.81,1.89,-0.16,Calm,Calm
2.16,0.46,2.64,2.95,1.93,-0.18,Calm,Calm
2.08,0.48,2.67,2.9,1.9,-0.2,Calm,Calm
2.13,0.47,2.88,2.79,1.99,-0.17,Calm,Calm
2,0.5,2.89,2.89,1.95,-0.13,Calm,Calm
1.9,0.53,2.84,2.81,1.95,-0.12,Calm,Calm
1.88,0.53,2.87,2.68,1.9,-0.1,Calm,Calm
1.97,0.51,2.96,2.78,1.84,-0.08,Calm,Calm
2.02,0.49,3.02,2.96,1.86,-0.06,Calm,Calm
2.35,0.43,3.02,2.99,1.84,-0.02,Calm,Calm
2.94,0.34,2.82,3.78,1.63,-0.01,Calm,Calm
3.17,0.32,2.92,4.31,1.72,-0.01,Calm,Calm
3.25,0.31,3.01,4.39,1.73,0,Calm,Calm
3.33,0.3,3.07,4.41,1.81,0,Calm,Calm
3.39,0.3,3.3,4.4,1.72,0,Calm,Calm
3.42,0.29,3.33,4.39,1.96,0,Calm,Calm
3.44,0.29,3.5,4.52,2.11,0,Calm,Calm
3.44,0.29,3.53,4.68,2.18,0,Calm,Calm
3.54,0.28,3.46,4.72,2.4,0,Calm,Calm
3.7,0.27,3.58,4.97,2.56,-0.01,Calm,Calm
3.61,0.28,3.91,5.2,2.66,0,Calm,Calm
3.43,0.29,4.11,5.07,2.89,0,Calm,Calm
3.46,0.29,4.14,5.03,3.43,0,Calm,Calm
3.54,0.28,4.17,5.34,3.62,0.01,Calm,Calm
3.5,0.29,4.14,5.52,3.67,0.01,Calm,Calm
3.44,0.29,4.29,5.56,3.68,0.01,Calm,Calm
3.59,0.28,4.34,5.56,3.7,0.01,Calm,Calm
3.9,0.26,4.27,5.57,3.71,0.01,Calm,Calm
4.01,0.25,4.3,5.66,3.74,0.01,Calm,Calm
3.89,0.26,4.39,5.76,3.75,0.02,Calm,Calm
3.81,0.26,4.34,5.73,3.74,0.02,Calm,Calm
3.88,0.26,4.09,5.62,3.72,0.02,Calm,Calm
3.95,0.25,4.12,5.62,3.5,0.02,Calm,Calm
3.86,0.26,4.11,5.55,3.16,0.02,Calm,Calm
3.84,0.26,4.1,5.28,3.02,0.01,Calm,Calm
3.94,0.25,3.99,5.07,2.88,0.01,Calm,Calm
3.92,0.26,3.86,5.07,2.79,0.01,Calm,Calm
3.72,0.27,3.77,5.06,2.73,0,Calm,Calm
3.41,0.29,3.77,4.95,2.6,-0.01,Calm,Calm
3.23,0.31,3.76,4.69,2.54,-0.01,Calm,Calm
3.24,0.31,3.61,4.32,2.08,-0.01,Calm,Calm
3.2,0.31,3.54,4.01,2.05,-0.01,Calm,Calm
2.93,0.34,3.36,4.01,1.88,-0.02,Calm,Calm
2.78,0.36,3.25,4.02,1.71,-0.04,Calm,Calm
2.78,0.36,3.18,4.01,1.59,-0.03,Calm,Calm
2.53,0.39,3.19,4.08,1.72,-0.03,Calm,Calm
2.17,0.46,3.17,4.22,1.69,-0.02,Calm,Calm
2.38,0.42,3.14,4.55,1.7,-0.03,Calm,Calm
2.54,0.39,3.09,4.72,1.64,-0.01,Calm,Calm
2.49,0.4,3.06,4.72,1.75,0,Calm,Calm
2.46,0.41,2.94,4.72,1.76,0,Calm,Calm
2.41,0.41,3.02,4.74,1.77,-0.02,Calm,Calm
2.58,0.39,3.06,4.67,1.74,-0.03,Calm,Calm
2.71,0.37,3.06,4.58,1.83,-0.04,Calm,Calm
2.71,0.37,3.11,4.52,1.79,-0.05,Calm,Calm
2.77,0.36,3.01,4.47,1.74,-0.06,Calm,Calm
2.83,0.35,2.55,4.42,1.73,-0.05,Calm,Calm
2.79,0.36,2.71,4.21,1.74,-0.05,Calm,Calm
2.7,0.37,3.09,3.66,1.83,-0.05,Calm,Calm
2.78,0.36,3.13,3.2,1.81,-0.05,Calm,Calm
2.83,0.35,3.1,3.28,1.77,-0.05,Calm,Calm
2.83,0.35,3.1,3.31,1.73,-0.05,Calm,Calm
2.71,0.37,3.1,3.28,1.71,-0.05,Calm,Calm
2.51,0.4,3.18,3.41,1.75,-0.04,Calm,Calm
2.45,0.41,3.16,3.85,1.75,-0.03,Calm,Calm
2.42,0.41,3.12,4.28,1.76,-0.03,Calm,Calm
5.18,0.19,3.92,7.39,1.75,0,Happy,Calm
4.99,0.2,3.55,7,1.56,0.01,Happy,Calm
4.75,0.21,3.36,6.51,1.56,0.01,Happy,Calm
4.69,0.21,3.12,6.18,1.52,0.01,Happy,Calm
4.43,0.23,3.01,5.56,1.52,0.01,Happy,Calm
3.94,0.25,2.79,5.09,1.55,0,Happy,Calm
3.59,0.28,2.8,4.75,1.53,-0.02,Happy,Calm
3.57,0.28,2.8,4.2,1.39,-0.02,Happy,Calm
3.45,0.29,2.84,3.97,1.4,-0.02,Happy,Calm
3.39,0.3,2.65,3.97,1.57,-0.01,Happy,Calm
3.2,0.31,2.58,3.9,1.59,-0.01,Happy,Calm
2.97,0.34,2.47,3.38,1.57,-0.01,Happy,?
2.6,0.39,2.49,2.95,1.54,0,Happy,?
1.96,0.51,2.53,2.97,1.64,-0.01,Happy,?
1.78,0.56,2.59,3.2,1.65,-0.02,Happy,?
1.83,0.55,2.62,3.57,1.58,-0.01,Happy,?
2.01,0.5,3.65,3.81,2.95,-0.03,Happy,?
2.43,0.41,4.5,4.24,3.22,-0.01,Happy,?
2.65,0.38,4.55,4.92,3.27,0,Happy,?
3.23,0.31,4.65,5.75,3.29,-0.02,Happy,?
4.17,0.24,4.95,6.15,3.32,-0.01,Happy,?
4.75,0.21,5.38,6.31,3.62,-0.01,Happy,?
5.04,0.2,5.44,6.37,3.63,-0.01,Happy,?
5.08,0.2,5.46,6.38,3.7,-0.01,Happy,?
5.1,0.2,5.47,6.43,3.7,-0.01,Happy,?
5.11,0.2,5.46,6.45,3.71,-0.01,Happy,?
5.1,0.2,5.47,6.46,3.74,-0.01,Happy,?
5.08,0.2,5.24,6.48,3.24,-0.01,Happy,?
5.06,0.2,5.09,6.44,3.11,-0.01,Happy,?
5.07,0.2,5.05,6.25,3.21,-0.01,Happy,?
4.94,0.2,5,5.95,3.2,-0.01,Happy,?
4.68,0.21,4.45,5.58,3.03,-0.01,Happy,?
3.87,0.26,3.5,5.17,2.63,-0.02,Happy,?
3.23,0.31,3.04,5.31,2.63,-0.02,Happy,?
3.21,0.31,2.92,5.52,2.38,-0.01,Happy,?
3.12,0.32,3.07,5.56,2.49,-0.02,Happy,?
3.12,0.32,3.46,5.53,2.6,-0.02,Happy,?
3.42,0.29,3.56,5.47,2.56,0.01,Happy,?
3.99,0.25,3.56,5.58,2.87,0.02,Happy,?
4.3,0.23,3.54,5.75,2.85,0.02,Happy,?
4.3,0.23,3.54,5.82,2.82,0.03,Happy,?
4.28,0.23,3.56,5.82,2.81,0.03,Happy,?
4.29,0.23,3.58,5.86,2.85,0.03,Happy,?
4.25,0.24,3.59,5.86,2.91,0.03,Happy,?
4.25,0.24,3.6,5.68,2.9,0.04,Happy,?
4.26,0.23,3.54,5.48,2.96,0.04,Happy,?
4.26,0.23,3.43,5.43,2.93,0.04,Happy,?
4.24,0.24,2.89,5.43,2.89,0.04,Happy,?
3.99,0.25,2.8,5.28,2.8,0.05,Happy,?
3.32,0.3,2.89,4.88,2.71,0.06,Happy,?
2.79,0.36,2.88,4.61,2.7,0.06,Happy,?
2.7,0.37,2.81,4.48,2.82,0.05,Happy,?
2.67,0.37,2.77,4.23,2.89,0.05,Happy,?
2.68,0.37,2.65,3.76,2.85,0.05,Happy,?
2.67,0.38,2.59,3.34,2.89,0.03,Happy,?
2.47,0.4,2.73,3.29,2.91,-0.01,Happy,?
2.46,0.41,2.77,3.31,2.88,-0.05,Happy,?
2.56,0.39,3.06,3.24,2.92,-0.05,Happy,?
2.62,0.38,3.27,3.15,2.87,-0.04,Happy,?
2.63,0.38,3.33,3.14,2.84,-0.03,Happy,?
2.55,0.39,3.41,3.17,2.73,-0.03,Happy,?
2.47,0.4,3.45,3.2,2.71,-0.03,Happy,?
2.5,0.4,3.53,3.28,2.52,-0.04,Happy,?
2.49,0.4,3.6,3.38,2.56,-0.05,Happy,?
2.49,0.4,3.68,3.58,2.56,-0.08,Happy,?
2.45,0.41,3.86,3.78,2.83,-0.09,Happy,?
2.43,0.41,3.87,3.88,3.05,-0.09,Happy,?
2.42,0.41,3.88,3.9,3.01,-0.11,Happy,?
2.33,0.43,3.77,4.17,3.12,-0.13,Happy,?
2.52,0.4,3.76,4.52,3.19,-0.09,Happy,?
2.67,0.37,3.67,4.67,3.29,-0.06,Happy,?
2.61,0.38,3.66,4.66,3.33,-0.06,Happy,?
2.69,0.37,3.6,4.62,3.42,-0.07,Happy,?
2.77,0.36,3.65,4.6,3.4,-0.07,Happy,?
2.78,0.36,3.58,4.56,3.4,-0.06,Happy,?
2.82,0.35,3.46,4.48,3.39,-0.04,Happy,?
2.85,0.35,3.27,4.4,3.34,-0.03,Happy,?
2.81,0.36,3.38,4.36,3.25,-0.03,Happy,?
2.82,0.35,3.4,4.33,3.2,-0.03,Happy,?
2.91,0.34,3.37,4.09,3.2,-0.04,Happy,?
2.75,0.36,3.39,3.37,3.12,-0.06,Happy,?
2.66,0.38,3.45,2.64,3.12,-0.08,Happy,?
2.66,0.38,3.49,2.61,3.15,-0.07,Happy,?
2.57,0.39,3.64,2.66,3.24,-0.06,Happy,?
2.5,0.4,3.66,2.81,3.35,-0.05,Happy,?
2.52,0.4,3.64,3.01,3.37,-0.05,Happy,?
2.57,0.39,3.63,3.07,3.4,-0.06,Happy,?
2.64,0.38,3.57,3.14,3.45,-0.05,Happy,?
2.75,0.36,3.45,3.13,3.48,-0.03,Happy,?
2.72,0.37,3.44,3.15,3.44,0,Happy,?
2.59,0.39,3.43,3.37,3.4,0.01,Happy,?
2.58,0.39,3.35,3.56,3.31,0.02,Happy,?
2.56,0.39,3.36,3.62,3.33,0.03,Happy,?
2.53,0.4,3.12,3.7,3.2,0.03,Happy,?
2.69,0.37,2.9,3.65,2.99,0.02,Happy,?
2.82,0.35,2.92,3.58,3.09,0.03,Happy,?
2.77,0.36,3.07,3.65,2.95,0.03,Happy,?
2.69,0.37,3.12,3.75,2.91,0.04,Happy,?
2.59,0.39,3.12,3.73,2.67,0.03,Happy,?
2.43,0.41,3.09,3.69,2.66,0.01,Happy,?
2.45,0.41,2.99,3.58,2.76,-0.01,Happy,?
2.53,0.39,3.07,3.37,2.77,-0.03,Happy,?
2.51,0.4,3.06,3.29,2.81,-0.04,Happy,?
2.51,0.4,3.01,3.25,2.84,-0.05,Happy,?
2.42,0.41,3.49,3.04,2.88,-0.05,Happy,?
2.06,0.49,3.46,2.9,2.91,-0.13,Happy,?
1.92,0.52,3.42,2.68,2.86,-0.23,Happy,?
1.99,0.5,3.34,2.08,3.03,-0.2,Calm,?
1.99,0.5,3.39,1.61,3.09,-0.18,Calm,?
2.04,0.49,3.43,1.56,3.05,-0.12,Calm,?
2.06,0.49,3.42,1.57,3.12,-0.08,Calm,?
1.9,0.53,3.41,1.53,3.14,-0.04,Calm,?
1.86,0.54,3.38,1.55,3.11,0.01,Calm,?
1.86,0.54,3.4,1.64,3.07,0.03,Calm,?
1.83,0.55,3.33,1.9,3.14,0.06,Calm,?
1.86,0.54,2.79,2.63,3.08,0.07,Calm,?
1.88,0.53,2.81,3.12,2.97,0.08,Calm,?
1.87,0.53,2.77,3.37,2.82,0.12,Calm,?
2.53,0.4,2.98,2.87,1.74,-0.02,Calm,Calm
2.56,0.39,3.73,3.55,1.82,-0.03,Calm,Calm
3.08,0.32,3.76,4.15,1.65,-0.04,Calm,Calm
3.48,0.29,3.76,4.41,1.56,-0.03,Calm,Calm
3.53,0.28,3.79,4.43,1.6,-0.03,Calm,Calm
3.6,0.28,3.77,4.47,2.08,-0.03,Calm,Calm
3.67,0.27,3.8,4.54,2.13,-0.02,Calm,Calm
3.75,0.27,3.78,4.55,2.47,-0.02,Calm,Calm
3.87,0.26,3.9,4.57,2.98,-0.02,Calm,Calm
3.9,0.26,4.02,4.63,3.09,-0.02,Calm,Calm
3.88,0.26,4,4.7,3.21,-0.02,Calm,Calm
3.87,0.26,3.74,4.71,3.21,-0.02,Calm,Calm
3.84,0.26,3.45,4.5,3.28,-0.02,Calm,Calm
3.57,0.28,3.47,4.12,3.3,-0.02,Calm,Calm
3.38,0.3,3.46,4.07,3.29,-0.02,Calm,Calm
3.41,0.29,3.44,4.07,3.26,-0.03,Calm,Calm
3.47,0.29,3.47,4.05,3.21,-0.03,Calm,Calm
3.43,0.29,3.58,4.03,3.23,-0.04,Calm,Calm
3.44,0.29,3.7,4.09,2.87,-0.02,Calm,Calm
4.12,0.24,3.92,4.25,3.24,0,Calm,Calm
4.86,0.21,4.93,4.28,3.52,0,Calm,Calm
5.16,0.19,4.94,4.34,3.53,0,Calm,Calm
5.2,0.19,4.94,4.51,3.73,0,Calm,Calm
5.19,0.19,5.09,4.62,3.83,0,Calm,Calm
5.19,0.19,5.16,4.82,3.83,0,Calm,Calm
5.2,0.19,5.18,4.9,3.87,0,Calm,Calm
5.2,0.19,5.18,4.97,3.86,0,Calm,Calm
5.22,0.19,5.16,5.04,3.86,0,Calm,Calm
5.27,0.19,5.14,5.03,3.87,0,Calm,Calm
5.22,0.19,5.07,5.02,3.86,0,Calm,Calm
4.92,0.2,4.81,5,3.52,0,Calm,Calm
4.34,0.23,4.05,4.98,3.19,0,Calm,Calm
3.72,0.27,4.05,4.84,2.98,-0.01,Calm,Calm
3.56,0.28,3.85,4.73,2.5,-0.02,Calm,Calm
3.56,0.28,3.31,4.56,2.14,-0.01,Calm,Calm
3.52,0.28,3.11,4.24,2.11,-0.01,Calm,Calm
3.45,0.29,2.95,4.07,2.05,-0.01,Calm,Calm
3.36,0.3,3.02,3.87,2.13,0,Calm,Calm
2.87,0.35,3.08,3.6,1.92,0,Calm,Calm
2.24,0.45,3.05,3.53,1.81,0.01,Calm,Calm
1.94,0.51,2.96,3.28,1.85,0.05,Calm,Calm
2.02,0.49,2.92,2.9,1.81,0.02,Calm,Calm
2.05,0.49,2.93,2.9,1.77,0.01,Calm,Calm
2.07,0.48,2.9,3,1.89,0.02,Calm,Calm
2.06,0.49,2.8,2.98,1.88,0.03,Calm,Calm
2.03,0.49,2.79,2.92,1.9,0.03,Calm,Calm
2,0.5,2.8,2.91,1.82,0.04,Calm,Calm
1.88,0.53,2.62,3.02,1.64,0.02,Calm,Calm
1.79,0.56,2.64,3.32,1.74,-0.03,Calm,Calm
2.02,0.5,2.58,3.51,1.77,-0.02,Calm,Calm
2.31,0.43,2.51,3.64,1.89,-0.02,Calm,Calm
2.48,0.4,2.61,3.76,1.85,-0.03,Calm,Calm
2.61,0.38,2.62,3.89,1.84,-0.03,Calm,Calm
2.75,0.36,2.72,4.09,1.95,-0.03,Calm,Calm
3.04,0.33,2.86,4.33,2,-0.03,Calm,Calm
3.38,0.3,2.96,4.46,2,-0.02,Calm,Calm
3.6,0.28,3,4.52,2.02,-0.01,Calm,Calm
3.72,0.27,3.01,4.59,2,-0.01,Calm,Calm
3.74,0.27,3.01,4.64,1.98,0,Calm,Calm
3.73,0.27,2.92,4.59,1.96,0,Calm,Calm
3.75,0.27,3.07,4.59,1.9,0,Calm,Calm
3.9,0.26,3.06,4.77,2.01,0,Calm,Calm
3.96,0.25,3.17,4.93,2.31,0,Calm,Calm
4.14,0.24,3.64,4.88,2.48,0,Calm,Calm
4.57,0.22,3.89,4.83,2.57,0,Calm,Calm
4.64,0.22,3.85,4.9,2.52,0,Calm,Calm
4.58,0.22,3.85,5.02,2.61,0,Calm,Calm
4.53,0.22,4.11,5.08,2.66,0,Calm,Calm
4.5,0.22,4.11,5.37,2.66,0,Calm,Calm
4.66,0.21,4.16,5.58,2.71,0,Calm,Calm
4.81,0.21,4.45,5.6,2.71,0,Calm,Calm
4.9,0.2,4.71,5.6,2.78,0,Calm,Calm
4.95,0.2,4.72,5.58,2.55,0,Calm,Calm
4.93,0.2,4.69,5.64,2.53,0,Calm,Calm
4.76,0.21,4.48,5.68,2.19,0,Calm,Calm
4.49,0.22,4.47,5.67,2.2,0,Calm,Calm
4.38,0.23,4.46,5.56,2.21,0,Calm,Calm
4.38,0.23,4.39,5.5,1.96,0,Calm,Calm
4.38,0.23,4.24,5.39,2,0,Calm,Calm
4.32,0.23,4.26,5,2.04,0,Calm,Calm
4.12,0.24,4.22,4.74,1.94,0,Calm,Calm
3.84,0.26,3.4,4.77,1.82,-0.01,Calm,Calm
3.11,0.32,2.85,4.75,1.74,-0.02,Calm,Calm
2.7,0.37,2.77,4.49,1.78,-0.04,Calm,Calm
2.65,0.38,2.8,4.09,1.83,-0.04,Calm,Calm
2.56,0.39,2.93,3.82,1.76,-0.03,Calm,Calm
2.58,0.39,2.89,3.73,1.72,-0.03,Calm,Calm
2.6,0.38,2.87,3.69,1.82,-0.03,Calm,Calm
2.53,0.39,2.85,3.63,1.81,-0.01,Calm,Calm
2.27,0.44,2.88,3.62,1.69,0,Calm,Calm
1.85,0.54,2.83,3.53,1.69,-0.02,Calm,Calm
1.8,0.56,2.82,3.36,1.65,-0.09,Calm,Calm
1.85,0.54,2.81,3.06,1.62,-0.12,Calm,Calm
1.91,0.52,2.82,2.89,1.6,-0.14,Calm,Calm
1.9,0.53,2.75,2.86,1.42,-0.18,Calm,Calm
1.94,0.52,2.66,2.67,1.48,-0.15,Calm,Calm
2.09,0.48,2.4,2.13,1.5,-0.1,Calm,Calm
2.28,0.44,2.51,1.63,1.56,-0.07,Calm,Calm
2.48,0.4,2.57,1.61,1.66,-0.09,Calm,Calm
2.55,0.39,2.63,1.8,1.68,-0.1,Calm,Calm
2.53,0.4,2.73,1.88,1.67,-0.1,Calm,Calm
2.53,0.4,2.88,2.15,1.79,-0.09,Calm,Calm
2.69,0.37,2.94,2.55,1.99,-0.05,Calm,Calm
2.88,0.35,3.07,3.11,2,-0.03,Calm,Calm
2.94,0.34,3.06,4.02,2.08,-0.03,Calm,Calm
3.11,0.32,3.12,4.34,2.17,-0.02,Calm,Calm
3.28,0.31,3.28,4.35,2.22,-0.01,Calm,Calm
4.71,0.21,4.14,5.12,2.56,0.01,Calm,Calm
4.93,0.2,4.19,4.99,2.52,0.01,Calm,Calm
4.95,0.2,4.15,4.97,2.46,0.01,Calm,Calm
5.01,0.2,4.05,4.96,2.54,0.01,Calm,Calm
5,0.2,3.96,4.95,2.37,0.01,Calm,Calm
4.94,0.2,3.93,4.95,2.42,0.01,Calm,Calm
4.92,0.2,3.9,4.92,2.51,0.01,Calm,Calm
4.92,0.2,3.94,4.87,2.54,0.01,Calm,Calm
4.91,0.2,3.98,4.82,2.62,0.01,Calm,Calm
4.85,0.21,3.69,4.66,2.69,0.01,Calm,Calm
4.51,0.22,3.65,4.21,2.69,0,Calm,Calm
3.84,0.26,3.71,4.17,2.69,-0.01,Calm,Calm
3.49,0.29,3.59,4.45,2.63,-0.01,Calm,Calm
3.36,0.3,3.55,4.49,2.62,0,Calm,Calm
3.01,0.33,3.48,4.49,2.58,-0.01,Calm,Calm
2.7,0.37,3.5,4.48,2.62,-0.04,Calm,Calm
2.68,0.37,3.64,4.47,2.98,-0.05,Calm,Calm
2.66,0.38,3.67,4.57,3.2,-0.05,Calm,Calm
2.68,0.37,3.89,4.83,3.16,-0.05,Calm,Calm
2.9,0.34,3.92,4.94,3.13,-0.03,Calm,Calm
3.34,0.3,3.96,5.08,3.2,-0.01,Calm,Calm
3.41,0.29,3.95,5.49,3.24,-0.01,Calm,Calm
3.43,0.29,4.01,5.64,3.77,-0.01,Calm,Calm
3.44,0.29,4.1,5.62,3.91,-0.01,Calm,Calm
3.5,0.29,4.26,5.68,3.94,-0.01,Calm,Calm
3.69,0.27,4.35,5.77,3.94,-0.01,Calm,Calm
4.04,0.25,4.46,5.9,4.02,0,Calm,Calm
4.28,0.23,4.43,6.02,3.84,0,Calm,Calm
4.32,0.23,4.51,6.02,3.84,0,Calm,Calm
4.33,0.23,4.39,5.97,3.88,0,Calm,Calm
4.28,0.23,4.45,6,3.89,0.01,Calm,Calm
4.18,0.24,4.43,5.92,3.87,0.01,Calm,Calm
4.15,0.24,4.39,5.68,3.91,0.01,Calm,Calm
4.14,0.24,4.45,5.5,3.81,0.01,Calm,Calm
4.09,0.24,4.54,5.38,3.86,0.02,Calm,Calm
4.02,0.25,4.4,5.25,3.85,0.02,Calm,Calm
3.84,0.26,4.33,5.09,3.87,0.03,Calm,Calm
3.51,0.28,4.22,4.75,3.8,0.04,Calm,Calm
3.46,0.29,4.21,4.71,3.88,0.05,Calm,Calm
3.75,0.27,4.21,4.72,3.94,0.03,Calm,Calm
3.93,0.25,4.12,4.74,3.98,0.03,Calm,Calm
3.9,0.26,4.14,4.93,4.01,0.02,Calm,Calm
3.92,0.25,4.12,4.97,3.97,0.02,Calm,Calm
3.93,0.25,4.06,4.95,3.89,0.02,Calm,Calm
3.97,0.25,3.74,5,3.48,0.01,Calm,Calm
4,0.25,3.62,5.04,3.46,0.01,Calm,Calm
3.99,0.25,3.62,5.02,3.48,0.01,Calm,Calm
3.99,0.25,3.53,5.01,3.41,0,Calm,Calm
3.94,0.25,3.53,4.97,3.44,0,Calm,Calm
3.71,0.27,3.47,4.77,3.27,-0.01,Calm,Calm
3.24,0.31,3.27,4.72,3.02,-0.03,Calm,Calm
3.03,0.33,3.17,4.51,2.87,-0.05,Calm,Calm
2.79,0.36,3.08,3.74,2.9,-0.09,Calm,Calm
2.72,0.37,3.07,3.24,2.94,-0.11,Calm,Calm
2.66,0.38,3,3.18,3.05,-0.1,Calm,Calm
2.46,0.41,3.01,2.86,3.03,-0.11,Calm,Calm
2.46,0.41,2.81,2.9,3.07,-0.11,Calm,Calm
2.48,0.4,2.98,3,3.13,-0.12,Calm,Calm
2.3,0.43,3.01,2.98,3.12,-0.13,Calm,Calm
2.22,0.45,3.07,2.91,3.04,-0.12,Calm,Calm
2.21,0.45,3.03,2.84,3.09,-0.13,Calm,Calm
2.15,0.46,3.21,2.79,3.26,-0.13,Calm,Calm
2.1,0.48,3.17,2.81,3.29,-0.13,Calm,Calm
2.15,0.46,3.25,2.97,3.19,-0.16,Calm,Calm
2.2,0.46,3.43,3.01,3.21,-0.18,Calm,Calm
2.31,0.43,3.46,3.01,3.15,-0.16,Calm,Calm
2.3,0.43,3.49,2.93,3.11,-0.19,Calm,Calm
2.18,0.46,3.48,2.78,2.93,-0.21,Calm,Calm
2.08,0.48,3.46,3.01,2.95,-0.21,Calm,Calm
2.06,0.49,3.5,3.36,2.98,-0.2,Calm,Calm
2.02,0.5,3.51,3.48,3.12,-0.22,Calm,Calm
2.03,0.49,3.5,3.48,3.04,-0.17,Calm,Calm
2.16,0.46,3.27,3.47,3.11,-0.12,Calm,Calm
2.27,0.44,3.25,3.4,2.94,-0.08,Calm,Calm
2.28,0.44,3.11,3.45,2.91,-0.06,Calm,Calm
2.21,0.45,2.97,3.77,2.95,-0.04,Calm,Calm
2.12,0.47,2.85,4.02,2.89,0.01,Calm,Calm
2.24,0.45,2.95,4.22,2.88,0.06,Calm,Calm
2.33,0.43,3.06,4.41,2.9,0.07,Calm,Calm
2.35,0.42,2.94,4.45,3.01,0.07,Calm,Calm
2.39,0.42,2.85,4.43,2.86,0.06,Calm,Calm
2.48,0.4,2.82,4.41,2.8,0.04,Calm,Calm
2.63,0.38,2.84,4.42,2.47,0.02,Calm,Calm
2.61,0.38,2.9,4.51,2.35,0.02,Calm,Calm
2.6,0.38,2.96,4.63,2.55,0.01,Calm,Calm
2.64,0.38,2.96,4.72,2.5,-0.01,Calm,Calm
2.64,0.38,3.06,4.65,2.5,-0.01,Calm,Calm
2.76,0.36,3.14,4.49,2.73,-0.02,Calm,Calm
2.77,0.36,3.18,4.32,2.72,-0.03,Calm,Calm
2.8,0.36,3.08,4.2,2.69,-0.04,Calm,Calm
2.92,0.34,3.05,4.16,2.56,-0.06,Calm,Calm
2.98,0.34,3.11,4.11,2.5,-0.07,Calm,Calm
2.97,0.34,3.18,4.09,2.61,-0.08,Calm,Calm
3.04,0.33,3.3,4.09,3.05,-0.06,Calm,Calm
3.13,0.32,3.46,4.01,3.14,-0.04,Calm,Calm
3.1,0.32,3.5,3.76,3.48,-0.04,Calm,Calm
3.1,0.32,3.77,3.3,3.92,-0.04,Calm,Calm
3.07,0.33,3.99,3.6,4.08,-0.04,Calm,Calm
2.99,0.33,4.17,4.22,4.09,-0.01,Calm,Calm
3.4,0.29,4.42,4.23,4.34,0.06,Calm,Calm
3.83,0.26,4.81,4.22,4.83,0.08,Calm,Calm
4.35,0.23,4.86,4.29,4.93,0.06,Calm,Calm
4.77,0.21,5.05,4.74,5,0.04,Calm,Calm
4.92,0.2,5.12,5.08,5.13,0.03,Calm,Calm
4.96,0.2,5.19,5.24,5.17,0.03,Calm,Calm
4.97,0.2,5.2,5.29,5.19,0.03,Calm,Calm
2.67,0.37,3.59,3.2,3.34,0.03,Agressive,Agressive
2.81,0.36,3.53,3.23,3.35,0.04,Agressive,Agressive
2.96,0.34,3.51,3.32,3.35,0.04,Agressive,Agressive
2.99,0.33,3.85,3.53,3.49,0.05,Agressive,Agressive
3.38,0.3,3.88,3.45,3.48,0.03,Agressive,Agressive
3.89,0.26,3.86,4.16,3.47,0.02,Agressive,Agressive
4.1,0.24,3.94,4.61,3.49,0.01,Agressive,Agressive
4.13,0.24,3.99,4.72,3.56,0,Agressive,Agressive
4.17,0.24,3.85,4.78,3.4,0.01,Agressive,Agressive
4.24,0.24,3.84,4.85,3.29,0,Agressive,Agressive
4.29,0.23,3.84,4.91,3.24,0,Agressive,Agressive
4.29,0.23,3.69,4.91,3.3,0,Agressive,Agressive
4.23,0.24,3.69,4.91,3.33,0,Agressive,Agressive
4.2,0.24,3.65,4.87,3.26,-0.01,Agressive,Agressive
4.19,0.24,3.17,4.87,3.11,-0.01,Agressive,Agressive
3.99,0.25,3.13,4.73,3.09,-0.01,Agressive,Agressive
3.48,0.29,3.19,4.24,3.11,-0.01,Agressive,Agressive
3.19,0.31,3.08,4.01,2.8,0,Agressive,Agressive
3.2,0.31,2.97,3.96,2.61,-0.02,Agressive,Agressive
2.99,0.33,2.87,3.85,2.55,-0.03,Agressive,Agressive
2.64,0.38,2.85,3.56,2.54,-0.01,Agressive,Agressive
2.33,0.43,2.86,3.34,2.59,0.02,Agressive,Agressive
2.17,0.46,2.96,3.35,2.38,0.01,Agressive,Agressive
2.16,0.46,3,3.35,2.28,-0.01,Agressive,Agressive
2.14,0.47,3.18,3.13,2.27,-0.04,Agressive,Agressive
2.08,0.48,3.15,3.03,2.29,-0.1,Agressive,Agressive
2.03,0.49,3.11,3.21,2.36,-0.16,Agressive,Agressive
2.01,0.5,3.04,3.39,2.27,-0.17,Agressive,Agressive
1.89,0.53,2.86,3.45,2.25,-0.2,Agressive,Agressive
1.44,0.69,2.82,3.44,2.32,-0.23,Agressive,Agressive
1.16,0.86,2.91,3.36,2.38,-0.2,Agressive,Agressive
1.29,0.77,2.9,3.31,2.47,-0.23,Agressive,Agressive
1.78,0.56,2.85,3.36,2.38,-0.17,Agressive,Agressive
2.04,0.49,2.84,3.36,2.44,-0.11,Agressive,Agressive
2.06,0.49,3.14,3.38,2.81,-0.1,Agressive,Agressive
2.13,0.47,3.33,3.68,2.93,-0.08,Agressive,Agressive
2.61,0.38,3.81,4.73,3.06,-0.03,Agressive,Agressive
3.25,0.31,4.02,5.43,3.24,-0.03,Agressive,Agressive
3.31,0.3,4.24,5.59,3.34,-0.03,Agressive,Agressive
3.39,0.29,4.27,5.58,3.53,-0.02,Agressive,Agressive
3.46,0.29,4.3,5.63,3.68,-0.02,Agressive,Agressive
3.47,0.29,4.34,5.71,3.74,-0.01,Agressive,Agressive
3.47,0.29,4.62,5.76,3.84,0,Agressive,Agressive
3.75,0.27,4.78,5.77,3.95,0.02,Agressive,Agressive
4.09,0.24,4.81,5.84,4,0.03,Agressive,Agressive
4.15,0.24,4.82,5.85,3.97,0.03,Agressive,Agressive
4.22,0.24,4.72,5.78,4.01,0.03,Agressive,Agressive
4.26,0.23,4.59,5.45,3.93,0.03,Agressive,Agressive
4.24,0.24,4.5,5.09,3.87,0.03,Agressive,Agressive
4.26,0.23,4.38,5.04,3.81,0.03,Agressive,Agressive
4.25,0.24,4.35,5.04,3.64,0.03,Agressive,Agressive
4.27,0.23,4.32,4.97,3.72,0.02,Agressive,Agressive
4.29,0.23,4.35,4.8,3.57,0.02,Agressive,Agressive
4.25,0.24,3.89,4.76,3.61,0.02,Agressive,Agressive
3.97,0.25,3.8,4.81,3.52,0.02,Agressive,Agressive
3.79,0.26,3.72,4.74,3.26,0.03,Agressive,Agressive
3.72,0.27,3.72,4.66,3.35,0.03,Agressive,Agressive
3.48,0.29,3.7,4.4,3.32,0.04,Agressive,Agressive
3.16,0.32,3.77,4.14,3.38,0.05,Agressive,Agressive
2.98,0.34,3.81,4.06,3.41,0.07,Agressive,Agressive
2.94,0.34,3.87,4.12,3.38,0.08,Agressive,Agressive
2.81,0.36,4,4.13,3.41,0.1,Agressive,Agressive
2.64,0.38,4.02,4.13,3.31,0.12,Agressive,Agressive
2.53,0.39,3.81,4.12,3.35,0.13,Agressive,Agressive
2.48,0.4,3.8,3.95,3.34,0.13,Agressive,Agressive
2.37,0.42,3.78,3.52,3.33,0.11,Agressive,Agressive
2.36,0.42,3.75,3.08,3.41,0.08,Agressive,Agressive
2.34,0.43,3.62,2.99,3.3,0.09,Agressive,Agressive
2.24,0.45,3.64,3.1,3.29,0.1,Agressive,Agressive
2.2,0.46,3.57,3.24,3.23,0.08,Agressive,Agressive
2.14,0.47,3.57,3.22,3.19,0.07,Agressive,Agressive
2.13,0.47,3.39,3.01,3.24,0.07,Agressive,Agressive
2.27,0.44,3.27,2.96,3.26,0.02,Agressive,Agressive
2.62,0.38,3.3,3.11,3.18,-0.02,Agressive,Agressive
3.07,0.33,3.46,3.79,2.98,-0.01,Agressive,Agressive
3.25,0.31,3.7,4.29,3.03,-0.02,Agressive,Agressive
3.7,0.27,3.92,4.34,2.94,-0.03,Agressive,Agressive
4.25,0.24,3.93,4.52,2.88,-0.02,Agressive,Agressive
4.48,0.22,3.93,4.67,2.85,-0.02,Agressive,Agressive
4.51,0.22,3.91,4.65,2.71,-0.02,Agressive,Agressive
4.51,0.22,3.95,4.68,2.69,-0.02,Agressive,Agressive
4.51,0.22,3.93,4.72,2.72,-0.02,Agressive,Agressive
4.5,0.22,3.95,4.73,2.58,-0.02,Agressive,Agressive
4.48,0.22,3.96,4.69,2.52,-0.02,Agressive,Agressive
4.44,0.23,3.92,4.57,2.5,-0.02,Agressive,Agressive
4.41,0.23,3.76,4.26,2.45,-0.02,Agressive,Agressive
4.4,0.23,3.32,3.93,2.22,-0.01,Agressive,Agressive
4.12,0.24,2.97,3.79,2.21,-0.01,Agressive,Agressive
3.37,0.3,2.9,3.22,2.22,0.02,Agressive,Agressive
2.93,0.34,2.93,3.2,2.32,0.02,Agressive,Agressive
2.94,0.34,2.84,3.32,2.22,0.02,Agressive,Agressive
2.91,0.34,2.72,3.28,2.19,0.01,Agressive,Agressive
2.92,0.34,2.75,3.22,2.02,0,Agressive,Agressive
2.91,0.34,2.74,3.18,2.09,0,Agressive,Agressive
2.83,0.35,2.72,3.15,1.99,0,Agressive,Agressive
2.53,0.39,2.68,3.17,2.01,-0.01,Agressive,Agressive
2.25,0.44,2.71,3.18,1.97,-0.07,Agressive,Agressive
2.23,0.45,2.87,3.28,1.94,-0.14,Agressive,Agressive
2.29,0.44,2.86,3.46,1.81,-0.13,Agressive,Agressive
2.42,0.41,2.94,3.49,1.87,-0.13,Agressive,Agressive
2.48,0.4,2.86,3.43,1.73,-0.13,Agressive,Agressive
2.47,0.4,2.88,3.29,1.7,-0.12,Agressive,Agressive
2.41,0.42,2.92,3.07,1.72,-0.11,Agressive,Agressive
2.4,0.42,2.8,2.92,1.83,-0.12,Agressive,Agressive
2.45,0.41,2.96,3.1,2.27,-0.14,Agressive,Agressive
2.45,0.41,2.96,3.49,2.4,-0.14,Agressive,Agressive
2.45,0.41,2.99,3.67,2.53,-0.12,Agressive,Agressive
3.02,0.33,3.03,2.67,2.36,-0.13,Sad,?
2.95,0.34,2.82,2.69,2.23,-0.11,Sad,?
2.89,0.35,2.9,2.71,2.23,-0.07,Sad,?
2.9,0.34,2.95,2.77,2.13,-0.04,Sad,?
2.88,0.35,2.85,2.81,1.98,-0.03,Sad,?
2.82,0.35,2.89,2.81,1.91,-0.04,Sad,?
2.8,0.36,2.93,2.74,1.71,-0.04,Sad,?
2.78,0.36,2.87,2.73,1.73,-0.03,Sad,?
2.78,0.36,2.93,2.84,1.83,-0.02,Sad,?
2.89,0.35,3,2.8,1.88,0,Sad,?
3.05,0.33,2.93,2.8,1.92,0,Sad,?
3.1,0.32,2.89,2.87,2.19,0,Sad,?
3.04,0.33,2.94,2.85,2.31,0,Sad,?
2.96,0.34,2.93,2.86,2.35,-0.01,Sad,?
2.9,0.34,2.98,2.88,2.37,-0.02,Sad,?
2.86,0.35,2.98,2.93,2.44,-0.01,Sad,?
2.82,0.35,3.03,3.04,2.49,0,Sad,?
2.83,0.35,3.18,3.47,2.55,-0.02,Sad,?
2.94,0.34,3.18,3.84,2.54,-0.07,Sad,?
2.91,0.34,3.04,4,2.54,-0.12,Sad,?
2.72,0.37,2.98,4.06,2.51,-0.19,Sad,?
2.55,0.39,3.06,4.05,2.47,-0.25,Sad,?
2.51,0.4,3.04,4.06,2.27,-0.25,Sad,?
2.58,0.39,3.13,4.1,2.24,-0.25,Sad,?
2.67,0.37,3.03,4.16,2.23,-0.21,Sad,?
2.73,0.37,3.05,4.21,2.23,-0.18,Sad,?
2.75,0.36,3.14,4.18,2.11,-0.17,Sad,?
2.98,0.34,3.14,4.09,2,-0.12,Sad,?
3.18,0.31,3,3.88,1.88,-0.07,Sad,?
3.2,0.31,2.98,3.57,1.88,-0.03,Sad,?
3.15,0.32,2.97,3.25,1.88,-0.01,Sad,?
3.12,0.32,2.99,3.01,1.87,-0.01,Sad,?
3.11,0.32,2.97,3.07,1.94,-0.01,Sad,?
3.12,0.32,2.97,3.56,1.95,-0.01,Sad,?
3.08,0.32,2.77,3.91,1.92,-0.01,Sad,?
3.01,0.33,2.99,3.94,1.98,0,Sad,?
3.1,0.32,3.23,3.94,1.95,-0.01,Sad,?
3.1,0.32,3.25,4.18,2.12,-0.02,Sad,?
2.98,0.34,3.45,4.38,2.13,-0.04,Sad,?
2.79,0.36,3.56,4.43,2.18,-0.07,Sad,?
2.64,0.38,3.6,4.47,2.05,-0.12,Sad,?
2.74,0.37,3.7,4.49,2.22,-0.17,Sad,?
2.79,0.36,3.72,4.5,2.3,-0.17,Sad,?
2.8,0.36,3.71,4.51,2.47,-0.15,Sad,?
2.78,0.36,3.71,4.45,2.61,-0.13,Sad,?
2.78,0.36,3.76,4.41,2.66,-0.14,Sad,?
2.83,0.35,3.67,4.43,2.71,-0.17,Sad,?
2.77,0.36,3.52,4.36,2.77,-0.2,Sad,?
2.72,0.37,3.34,4.18,2.69,-0.2,Sad,?
2.54,0.39,3.14,4.03,2.8,-0.19,Sad,?
2.51,0.4,3.12,3.93,2.84,-0.18,Sad,?
2.4,0.42,3.1,3.88,2.88,-0.15,Sad,?
2.21,0.45,2.84,3.9,2.83,-0.1,Sad,?
2.3,0.44,2.89,3.92,2.83,-0.1,Sad,?
2.42,0.41,2.88,3.78,2.75,-0.12,Sad,?
2.62,0.38,2.92,3.5,2.72,-0.14,Sad,?
2.8,0.36,2.98,3.46,2.73,-0.11,Sad,?
2.7,0.37,3.24,3.75,2.72,-0.11,Sad,?
2.79,0.36,3.35,3.89,2.74,-0.12,Sad,?
2.93,0.34,3.37,3.89,2.7,-0.13,Sad,?
3.03,0.33,3.34,3.98,2.57,-0.14,Sad,?
3.09,0.32,3.26,4.02,2.55,-0.12,Sad,?
3.11,0.32,3.24,3.99,2.48,-0.11,Sad,?
3.09,0.32,3.24,3.96,2.55,-0.11,Sad,?
3.06,0.33,3.16,3.94,2.37,-0.12,Sad,?
2.98,0.34,3.24,3.93,2.4,-0.12,Sad,?
2.86,0.35,3.22,3.85,2.32,-0.14,Sad,?
2.86,0.35,2.92,3.55,2.2,-0.14,Sad,?
2.89,0.35,2.49,3.13,2.16,-0.13,Sad,?
2.75,0.36,2.38,3.17,2.11,-0.12,Sad,?
2.55,0.39,2.56,3.18,2.19,-0.09,Sad,?
2.52,0.4,2.54,3.22,2.21,-0.09,Sad,?
2.46,0.41,2.53,3.34,2.3,-0.18,Sad,?
2.49,0.4,2.6,3.36,2.25,-0.21,Sad,?
2.55,0.39,2.66,3.43,2.22,-0.15,Sad,?
2.59,0.39,2.58,3.65,2.11,-0.1,Sad,?
2.71,0.37,2.43,3.77,2.05,-0.07,Sad,?
2.78,0.36,2.82,3.81,2.13,-0.06,Sad,?
2.95,0.34,2.97,3.83,2.16,-0.08,Sad,?
3.27,0.31,2.98,3.79,2.26,-0.09,Sad,?
3.53,0.28,3.01,3.78,2.32,-0.09,Sad,?
3.7,0.27,2.96,3.77,2.24,-0.09,Sad,?
3.77,0.27,3,3.67,2.16,-0.09,Sad,?
3.75,0.27,3.09,3.64,2.21,-0.08,Sad,?
3.74,0.27,3.11,3.7,2.46,-0.08,Sad,?
3.75,0.27,3.11,3.57,2.49,-0.09,Sad,?
3.74,0.27,3.42,3.32,2.49,-0.1,Sad,?
3.73,0.27,3.37,3.3,2.63,-0.12,Sad,?
3.68,0.27,3.22,3.68,2.58,-0.12,Sad,?
3.5,0.29,3.15,3.95,2.55,-0.13,Sad,?
3.23,0.31,3.12,4.02,2.45,-0.15,Sad,?
2.89,0.35,3.13,3.99,2.39,-0.19,Sad,?
2.51,0.4,3.13,3.96,2.43,-0.25,Sad,?
2.33,0.43,3.15,3.91,2.41,-0.24,Sad,?
2.32,0.43,3.1,3.85,2.33,-0.18,Sad,?
2.27,0.44,3.09,3.83,2.21,-0.16,Sad,?
2.2,0.45,3.04,3.88,2.26,-0.19,Sad,?
2.04,0.49,2.84,3.92,2.26,-0.2,Sad,?
1.85,0.54,2.82,3.83,2.19,-0.16,Sad,?
1.97,0.51,2.93,3.58,2.3,-0.16,Sad,?
2.29,0.44,3.1,3.46,2.45,-0.12,Sad,?
2.65,0.38,3.22,3.51,2.59,-0.05,Sad,?
2.84,0.35,3.26,3.77,2.84,-0.03,Sad,?
2.95,0.34,3.57,4.11,3.71,-0.03,Sad,?
2.98,0.34,3.82,4.31,3.92,-0.04,Sad,?
2.98,0.34,3.85,4.47,4.23,-0.04,Sad,?
3.39,0.3,4.19,4.51,4.55,-0.03,Sad,?
3.48,0.29,2.96,4.84,2.03,-0.03,Agressive,Agressive
3.18,0.31,3.06,4.74,1.97,-0.04,Agressive,Agressive
2.85,0.35,2.91,4.77,1.98,-0.07,Agressive,Agressive
2.78,0.36,3.11,4.74,1.94,-0.08,Agressive,Agressive
2.79,0.36,3.14,4.71,1.98,-0.09,Agressive,Agressive
2.84,0.35,3.18,4.63,2.06,-0.1,Agressive,Agressive
2.91,0.34,3.16,4.6,2.05,-0.11,Agressive,Agressive
2.88,0.35,3.19,4.6,1.93,-0.12,Agressive,Agressive
2.83,0.35,3.2,4.39,1.95,-0.12,Agressive,Agressive
2.84,0.35,3.37,3.97,1.91,-0.07,Agressive,Agressive
2.77,0.36,3.47,3.51,1.96,-0.05,Agressive,Agressive
2.67,0.37,3.44,3.32,2.03,-0.05,Agressive,Agressive
2.54,0.39,3.34,3.09,2.02,-0.06,Agressive,Agressive
2.48,0.4,3.19,2.81,2.03,-0.06,Agressive,Agressive
2.52,0.4,3.05,2.59,2.17,-0.07,Agressive,Agressive
2.53,0.39,3.05,2.27,2.14,-0.06,Agressive,Agressive
2.45,0.41,3.05,2.18,2.09,-0.03,Agressive,Agressive
2.41,0.42,3.04,2.02,2.06,0,Agressive,Agressive
2.42,0.41,3.06,1.95,2.12,0.02,Agressive,Agressive
2.2,0.45,2.79,2.13,2.06,0.03,Agressive,Agressive
1.97,0.51,2.68,2.19,2.05,0,Agressive,Agressive
1.98,0.51,2.68,2.18,2.2,-0.05,Agressive,Agressive
2.01,0.5,2.78,2.16,2.52,-0.06,Agressive,Agressive
2.07,0.48,3.06,2.09,2.57,-0.04,Agressive,Agressive
2.2,0.45,3.13,2.04,2.52,-0.01,Agressive,Agressive
2.33,0.43,3.09,2.08,2.48,0.02,Agressive,Agressive
2.41,0.42,3.07,2.05,2.44,0.04,Agressive,Agressive
2.39,0.42,3.08,2.04,2.46,0.05,Agressive,Agressive
2.31,0.43,3.1,2.03,2.69,0.05,Agressive,Agressive
2.29,0.44,3.09,1.98,2.64,0.03,Agressive,Agressive
2.33,0.43,3.12,1.94,2.64,0.01,Agressive,Agressive
2.45,0.41,3.15,2.36,2.62,0.02,Agressive,Agressive
2.65,0.38,3.15,3.12,2.34,0.01,Agressive,Agressive
3.03,0.33,3.21,3.36,2.27,-0.05,Agressive,Agressive
3.19,0.31,3.14,3.48,2.18,-0.07,Agressive,Agressive
3.19,0.31,3.19,3.55,2.25,-0.08,Agressive,Agressive
3.31,0.3,3.21,3.55,2.26,-0.08,Agressive,Agressive
3.33,0.3,3.2,3.6,2.29,-0.08,Agressive,Agressive
3.34,0.3,3.28,3.68,2.23,-0.08,Agressive,Agressive
3.34,0.3,3.28,3.78,1.9,-0.08,Agressive,Agressive
3.33,0.3,3.29,4.02,1.96,-0.08,Agressive,Agressive
3.28,0.3,3.31,4.25,1.97,-0.08,Agressive,Agressive
3.2,0.31,3.41,4.3,1.92,-0.09,Agressive,Agressive
3.03,0.33,4,4.23,2.39,-0.08,Agressive,Agressive
2.51,0.4,4.11,4.21,2.58,-0.03,Agressive,Agressive
2.37,0.42,4.12,4.26,2.68,-0.01,Agressive,Agressive
2.13,0.47,4.24,4.29,2.84,-0.03,Agressive,Agressive
1.58,0.63,4.45,4.3,2.92,0,Agressive,Agressive
1.14,0.88,4.53,4.3,3,-0.01,Agressive,Agressive
1.35,0.74,4.55,4.39,3.03,-0.05,Agressive,Agressive
1.79,0.56,4.63,4.46,3.22,-0.04,Agressive,Agressive
2.56,0.39,4.71,4.34,3.37,-0.04,Agressive,Agressive
3.4,0.29,4.89,4.36,3.77,-0.03,Agressive,Agressive
4.39,0.23,5.03,5.28,4.38,-0.02,Agressive,Agressive
4.96,0.2,4.84,6.1,4.33,-0.02,Agressive,Agressive
5.18,0.19,4.83,6.25,4.29,-0.02,Agressive,Agressive
5.42,0.18,4.94,6.42,4.37,-0.02,Agressive,Agressive
5.46,0.18,5.71,6.47,5.02,-0.02,Agressive,Agressive
6.13,0.16,6.39,6.7,5.17,-0.03,Agressive,Agressive
6.79,0.15,6.45,7.43,5.18,-0.03,Agressive,Agressive
7.14,0.14,6.55,7.81,5.24,-0.03,Agressive,Agressive
7.29,0.14,6.8,7.92,5.34,-0.03,Agressive,Agressive
7.34,0.14,6.79,8.06,5.34,-0.03,Agressive,Agressive
7.39,0.14,6.78,8.24,5.15,-0.03,Agressive,Agressive
7.39,0.14,6.78,8.25,5.11,-0.03,Agressive,Agressive
7.38,0.14,6.82,8.24,5.2,-0.03,Agressive,Agressive
7.35,0.14,6.91,8.36,5.22,-0.03,Agressive,Agressive
7.37,0.14,6.86,8.62,5.13,-0.03,Agressive,Agressive
7.41,0.14,6.5,8.79,4.51,-0.03,Agressive,Agressive
7.27,0.14,6.28,8.8,4.32,-0.02,Agressive,Agressive
6.84,0.15,6.19,8.75,4.3,-0.03,Agressive,Agressive
6.37,0.16,5.89,8.69,3.64,-0.02,Agressive,Agressive
6.15,0.16,5.37,8.64,4.03,-0.01,Agressive,Agressive
5.92,0.17,5.37,8.53,4.28,-0.01,Agressive,Agressive
5.64,0.18,5.33,8.43,4.24,-0.01,Agressive,Agressive
5.49,0.18,5.29,8.4,4.26,-0.01,Agressive,Agressive
5.46,0.18,4.72,8.39,4.03,-0.01,Agressive,Agressive
5.4,0.19,4.1,8.26,4.02,-0.01,Agressive,Agressive
4.84,0.21,3.75,7.72,4.11,-0.01,Agressive,Agressive
3.57,0.28,3.88,6.98,4.13,0.02,Agressive,Agressive
3.19,0.31,3.93,6.51,4.14,0.05,Agressive,Agressive
3.62,0.28,3.98,6.06,4.13,0.05,Agressive,Agressive
3.91,0.26,3.96,5.57,4.17,0.06,Agressive,Agressive
4.09,0.24,3.88,5.28,3.42,0.06,Agressive,Agressive
4.14,0.24,3.83,4.92,3.34,0.06,Agressive,Agressive
4.14,0.24,3.79,4.6,3.34,0.06,Agressive,Agressive
4.16,0.24,3.67,4.53,2.88,0.06,Agressive,Agressive
4.15,0.24,3.59,4.52,2.92,0.06,Agressive,Agressive
4.11,0.24,3.54,4.37,2.76,0.07,Agressive,Agressive
4.08,0.24,3.47,4.06,2.61,0.07,Agressive,Agressive
4.08,0.24,3.37,3.75,2.63,0.07,Agressive,Agressive
3.99,0.25,3.24,3.67,2.58,0.08,Agressive,Agressive
3.73,0.27,3.27,3.81,2.75,0.1,Agressive,Agressive
3.3,0.3,3.25,3.81,2.56,0.13,Agressive,Agressive
3.13,0.32,3.15,3.84,2.6,0.13,Agressive,Agressive
3.18,0.31,3.26,3.86,2.71,0.13,Agressive,Agressive
3.17,0.32,3.35,3.88,2.9,0.13,Agressive,Agressive
3.14,0.32,3.37,3.91,2.89,0.14,Agressive,Agressive
3.09,0.32,3.45,3.84,2.95,0.13,Agressive,Agressive
3.17,0.31,3.51,3.78,2.96,0.07,Agressive,Agressive
3.29,0.3,3.34,3.8,2.92,0.02,Agressive,Agressive
3.18,0.31,3.33,3.69,2.92,0,Agressive,Agressive
2.86,0.35,3.32,3.44,3.03,-0.03,Agressive,Agressive
2.76,0.36,3.3,3.38,2.92,-0.06,Agressive,Agressive
2.83,0.35,3.38,3.36,2.94,-0.07,Agressive,Agressive
2.81,0.36,3.4,3.36,2.93,-0.09,Agressive,Agressive
2.47,0.4,3.18,4.82,2.5,0.01,Sad,Sad
2.45,0.41,3.14,4.81,2.63,-0.05,Sad,Sad
2.25,0.44,3.22,4.81,2.63,-0.1,Sad,Sad
1.99,0.5,3.36,4.91,2.78,-0.14,Sad,Sad
1.89,0.53,3.52,4.97,2.99,-0.17,Sad,Sad
1.85,0.54,3.45,5.05,2.94,-0.16,Sad,Sad
2.05,0.49,3.64,5.2,2.96,-0.06,Sad,Sad
2.56,0.39,3.73,5.33,3.04,-0.01,Sad,Sad
3,0.33,3.81,5.33,3.02,-0.02,Sad,Sad
3.28,0.3,3.83,5.25,3.04,-0.01,Sad,Sad
3.3,0.3,3.96,5.22,3.21,-0.01,Sad,Sad
3.29,0.3,4,5.29,3.42,-0.01,Sad,Sad
3.25,0.31,3.99,5.35,3.46,0,Sad,Sad
3.36,0.3,4,5.32,3.51,0,Sad,Sad
3.6,0.28,4.02,5.3,3.5,-0.01,Sad,Sad
3.7,0.27,4.1,5.28,3.68,-0.02,Sad,Sad
3.77,0.27,4.13,5.29,3.72,-0.02,Sad,Sad
3.96,0.25,4.04,5.43,3.67,-0.02,Sad,Sad
3.94,0.25,4.07,5.54,3.63,-0.02,Sad,Sad
3.8,0.26,3.98,5.6,3.64,-0.02,Sad,Sad
3.87,0.26,3.96,5.58,3.61,-0.04,Sad,Sad
3.88,0.26,3.9,5.48,3.47,-0.05,Sad,Sad
3.9,0.26,4,5.43,3.53,-0.05,Sad,Sad
3.9,0.26,4.15,5.45,3.57,-0.05,Sad,Sad
3.87,0.26,4.11,5.44,3.59,-0.06,Sad,Sad
3.74,0.27,4.23,5.43,3.38,-0.06,Sad,Sad
3.77,0.27,4.14,5.48,3.24,-0.04,Sad,Sad
3.7,0.27,4.16,5.38,3.26,-0.04,Sad,Sad
3.46,0.29,4.27,5.02,3.32,-0.07,Sad,Sad
3.77,0.27,4.29,4.88,3.54,-0.07,Sad,Sad
4.15,0.24,4.32,4.98,3.68,-0.04,Sad,Sad
4.39,0.23,4.35,4.94,3.7,-0.04,Sad,Sad
4.49,0.22,4.37,4.81,3.73,-0.04,Sad,Sad
4.5,0.22,4.31,4.73,3.66,-0.04,Sad,Sad
4.53,0.22,4.3,4.69,3.71,-0.04,Sad,Sad
4.58,0.22,4.18,4.69,3.72,-0.04,Sad,Sad
4.62,0.22,4.18,4.72,3.77,-0.04,Sad,Sad
4.64,0.22,4.17,5.37,3.75,-0.04,Sad,Sad
4.83,0.21,4.19,5.92,3.76,-0.03,Sad,Sad
4.88,0.2,4.08,6.08,3.63,-0.03,Sad,Sad
4.78,0.21,4.05,6.07,3.47,-0.03,Sad,Sad
4.66,0.21,4.15,6.1,3.3,-0.02,Sad,Sad
4.67,0.21,4.12,6.19,3.31,-0.02,Sad,Sad
4.75,0.21,4.11,6.25,3.23,-0.01,Sad,Sad
4.76,0.21,4.09,6.27,2.99,-0.01,Sad,Sad
4.7,0.21,3.98,6.27,3.03,-0.01,Sad,Sad
4.66,0.21,3.98,6.27,2.78,-0.01,Sad,Sad
4.66,0.21,4.07,6.16,2.74,-0.01,Sad,Sad
4.51,0.22,4.07,5.73,2.67,-0.01,Sad,Sad
4.3,0.23,4.03,5.29,2.63,0,Sad,Sad
4.3,0.23,4.01,5.28,2.71,0,Sad,Sad
4.25,0.24,3.99,5.27,3.05,0,Sad,Sad
3.93,0.25,3.88,5.12,3.19,0.01,Sad,Sad
3.48,0.29,4.01,4.8,3.21,0.02,Sad,Sad
3.26,0.31,4.06,4.49,3.31,0.03,Sad,Sad
3.24,0.31,4.07,4.41,3.31,0.04,Sad,Sad
3.21,0.31,4.06,4.45,3.39,0.03,Sad,Sad
3.1,0.32,4.06,4.52,3.41,0.03,Sad,Sad
3.05,0.33,3.85,4.53,3.42,0.04,Sad,Sad
3.05,0.33,3.85,4.5,3.46,0.01,Sad,Sad
2.86,0.35,3.83,4.26,3.45,-0.03,Sad,Sad
3.01,0.33,4.25,4.04,3.45,-0.03,Sad,Sad
3.23,0.31,4.3,4.77,3.32,-0.02,Sad,Sad
3.26,0.31,4.24,5.77,3.26,-0.01,Sad,Sad
3.37,0.3,4.24,6.33,3.28,-0.01,Sad,Sad
3.56,0.28,4.35,6.6,3.2,0,Sad,Sad
3.68,0.27,4.38,6.7,3.1,0,Sad,Sad
3.7,0.27,4.42,6.72,3.06,0,Sad,Sad
3.68,0.27,4.45,6.74,3.06,0,Sad,Sad
3.65,0.27,4.47,6.75,3.01,0.01,Sad,Sad
3.6,0.28,4.46,6.75,2.96,0.01,Sad,Sad
3.54,0.28,4.21,6.76,2.95,0.01,Sad,Sad
3.4,0.29,4.03,6.75,2.93,0.01,Sad,Sad
3.33,0.3,3.98,6.65,2.93,0.01,Sad,Sad
3.37,0.3,3.99,6.33,2.85,0.01,Sad,Sad
3.23,0.31,3.7,5.77,2.83,0.01,Sad,Sad
2.84,0.35,3.6,4.97,2.93,0.01,Sad,Sad
2.69,0.37,3.46,4.67,3.01,0.01,Sad,Sad
2.74,0.37,3.62,5.11,3.08,0,Sad,Sad
3.09,0.32,3.65,5.52,3.04,-0.03,Sad,Sad
3.64,0.28,3.7,5.62,3.06,-0.03,Sad,Sad
3.9,0.26,3.71,5.66,3.05,-0.03,Sad,Sad
3.92,0.25,3.68,5.72,3.03,-0.03,Sad,Sad
3.96,0.25,3.62,5.75,2.99,-0.03,Sad,Sad
3.97,0.25,3.71,5.76,2.89,-0.03,Sad,Sad
3.89,0.26,3.67,5.82,2.9,-0.04,Sad,Sad
3.87,0.26,3.8,5.89,2.88,-0.03,Sad,Sad
3.91,0.26,3.77,5.93,2.87,-0.03,Sad,Sad
3.98,0.25,3.66,5.86,2.62,-0.03,Sad,Sad
3.98,0.25,3.45,5.59,2.53,-0.03,Sad,Sad
3.76,0.27,3.35,5.31,2.52,-0.03,Sad,Sad
3.29,0.3,3.3,5.27,2.48,-0.05,Sad,Sad
3.11,0.32,3.35,5.21,2.48,-0.06,Sad,Sad
2.95,0.34,3.39,5.05,2.27,-0.06,Sad,Sad
2.76,0.36,3.48,4.94,2.25,-0.07,Sad,Sad
2.67,0.37,3.39,4.84,2.44,-0.08,Sad,Sad
2.65,0.38,3.6,4.6,2.67,-0.08,Sad,Sad
2.59,0.39,3.36,4.27,2.57,-0.1,Sad,Sad
2.28,0.44,3.3,3.76,2.5,-0.14,Sad,Sad
1.85,0.54,3.31,3.16,2.45,-0.22,Sad,Sad
1.68,0.6,3.25,2.69,2.51,-0.25,Sad,Sad
1.38,0.72,3.25,2.44,2.6,-0.19,Sad,Sad
1.05,0.95,3.2,2.49,2.61,-0.1,Sad,Sad
0.94,1.06,3.18,2.52,2.61,-0.04,Sad,Sad
1.08,0.92,3.12,2.73,2.68,-0.05,Sad,Sad
1.22,0.82,3.17,2.94,2.57,0,Sad,Sad
1.97,0.51,3.24,3.18,2.75,0.03,Sad,Sad
